nam_thi,mon,bin_start,bin_end,count
2019,Toán,-0.001,0.2,111
2019,Toán,0.2,0.4,6
2019,Toán,0.4,0.6,36
2019,Toán,0.6,0.8,74
2019,Toán,0.8,1.0,228
2019,Toán,1.0,1.2,552
2019,Toán,1.2,1.4,1229
2019,Toán,1.4,1.6,2349
2019,Toán,1.6,1.8,4121
2019,Toán,1.8,2.0,6566
2019,Toán,2.0,2.2,9070
2019,Toán,2.2,2.4,11571
2019,Toán,2.4,2.6,14139
2019,Toán,2.6,2.8,15961
2019,Toán,2.8,3.0,17351
2019,Toán,3.0,3.2,18670
2019,Toán,3.2,3.4,19434
2019,Toán,3.4,3.6,20458
2019,Toán,3.6,3.8,21825
2019,Toán,3.8,4.0,23404
2019,Toán,4.0,4.2,24685
2019,Toán,4.2,4.4,26667
2019,Toán,4.4,4.6,28072
2019,Toán,4.6,4.8,29785
2019,Toán,4.8,5.0,31384
2019,Toán,5.0,5.2,32311
2019,Toán,5.2,5.4,33936
2019,Toán,5.4,5.6,34685
2019,Toán,5.6,5.8,34981
2019,Toán,5.8,6.0,35293
2019,Toán,6.0,6.2,35430
2019,Toán,6.2,6.4,35791
2019,Toán,6.4,6.6,35740
2019,Toán,6.6,6.8,35656
2019,Toán,6.8,7.0,35201
2019,Toán,7.0,7.2,33852
2019,Toán,7.2,7.4,32092
2019,Toán,7.4,7.6,29166
2019,Toán,7.6,7.8,25758
2019,Toán,7.8,8.0,22002
2019,Toán,8.0,8.2,17639
2019,Toán,8.2,8.4,13578
2019,Toán,8.4,8.6,10243
2019,Toán,8.6,8.8,7086
2019,Toán,8.8,9.0,4765
2019,Toán,9.0,9.2,2793
2019,Toán,9.2,9.4,1565
2019,Toán,9.4,9.6,684
2019,Toán,9.6,9.8,182
2019,Toán,9.8,10.0,12
2020,Toán,-0.001,0.2,8
2020,Toán,0.2,0.4,3
2020,Toán,0.4,0.6,9
2020,Toán,0.6,0.8,47
2020,Toán,0.8,1.0,141
2020,Toán,1.0,1.2,308
2020,Toán,1.2,1.4,697
2020,Toán,1.4,1.6,1269
2020,Toán,1.6,1.8,2278
2020,Toán,1.8,2.0,3215
2020,Toán,2.0,2.2,4613
2020,Toán,2.2,2.4,5892
2020,Toán,2.4,2.6,7098
2020,Toán,2.6,2.8,8072
2020,Toán,2.8,3.0,8808
2020,Toán,3.0,3.2,9550
2020,Toán,3.2,3.4,10030
2020,Toán,3.4,3.6,11037
2020,Toán,3.6,3.8,11756
2020,Toán,3.8,4.0,12763
2020,Toán,4.0,4.2,13631
2020,Toán,4.2,4.4,14910
2020,Toán,4.4,4.6,16011
2020,Toán,4.6,4.8,17306
2020,Toán,4.8,5.0,18686
2020,Toán,5.0,5.2,20221
2020,Toán,5.2,5.4,21589
2020,Toán,5.4,5.6,22997
2020,Toán,5.6,5.8,24117
2020,Toán,5.8,6.0,25585
2020,Toán,6.0,6.2,26948
2020,Toán,6.2,6.4,28787
2020,Toán,6.4,6.6,30575
2020,Toán,6.6,6.8,32624
2020,Toán,6.8,7.0,35032
2020,Toán,7.0,7.2,37578
2020,Toán,7.2,7.4,40414
2020,Toán,7.4,7.6,41898
2020,Toán,7.6,7.8,42809
2020,Toán,7.8,8.0,42482
2020,Toán,8.0,8.2,41102
2020,Toán,8.2,8.4,39006
2020,Toán,8.4,8.6,36219
2020,Toán,8.6,8.8,33337
2020,Toán,8.8,9.0,27643
2020,Toán,9.0,9.2,19725
2020,Toán,9.2,9.4,11229
2020,Toán,9.4,9.6,4721
2020,Toán,9.6,9.8,1561
2020,Toán,9.8,10.0,274
2021,Toán,-0.001,0.2,1
2021,Toán,0.4,0.6,12
2021,Toán,0.6,0.8,22
2021,Toán,0.8,1.0,86
2021,Toán,1.0,1.2,199
2021,Toán,1.2,1.4,461
2021,Toán,1.4,1.6,857
2021,Toán,1.6,1.8,1490
2021,Toán,1.8,2.0,2377
2021,Toán,2.0,2.2,3391
2021,Toán,2.2,2.4,4619
2021,Toán,2.4,2.6,5930
2021,Toán,2.6,2.8,6937
2021,Toán,2.8,3.0,8137
2021,Toán,3.0,3.2,9463
2021,Toán,3.2,3.4,10690
2021,Toán,3.4,3.6,11999
2021,Toán,3.6,3.8,13454
2021,Toán,3.8,4.0,15003
2021,Toán,4.0,4.2,16553
2021,Toán,4.2,4.4,17943
2021,Toán,4.4,4.6,19600
2021,Toán,4.6,4.8,21760
2021,Toán,4.8,5.0,23321
2021,Toán,5.0,5.2,24988
2021,Toán,5.2,5.4,26731
2021,Toán,5.4,5.6,27997
2021,Toán,5.6,5.8,29782
2021,Toán,5.8,6.0,31248
2021,Toán,6.0,6.2,32921
2021,Toán,6.2,6.4,35003
2021,Toán,6.4,6.6,37297
2021,Toán,6.6,6.8,40034
2021,Toán,6.8,7.0,43541
2021,Toán,7.0,7.2,46465
2021,Toán,7.2,7.4,50579
2021,Toán,7.4,7.6,53012
2021,Toán,7.6,7.8,53985
2021,Toán,7.8,8.0,53190
2021,Toán,8.0,8.2,49991
2021,Toán,8.2,8.4,44871
2021,Toán,8.4,8.6,37991
2021,Toán,8.6,8.8,29589
2021,Toán,8.8,9.0,20153
2021,Toán,9.0,9.2,11119
2021,Toán,9.2,9.4,5041
2021,Toán,9.4,9.6,1658
2021,Toán,9.6,9.8,358
2021,Toán,9.8,10.0,52
2022,Toán,-0.001,0.2,4
2022,Toán,0.2,0.4,3
2022,Toán,0.4,0.6,6
2022,Toán,0.6,0.8,42
2022,Toán,0.8,1.0,109
2022,Toán,1.0,1.2,260
2022,Toán,1.2,1.4,568
2022,Toán,1.4,1.6,1129
2022,Toán,1.6,1.8,1980
2022,Toán,1.8,2.0,3123
2022,Toán,2.0,2.2,4373
2022,Toán,2.2,2.4,5965
2022,Toán,2.4,2.6,7207
2022,Toán,2.6,2.8,8533
2022,Toán,2.8,3.0,9661
2022,Toán,3.0,3.2,10724
2022,Toán,3.2,3.4,11981
2022,Toán,3.4,3.6,13066
2022,Toán,3.6,3.8,14265
2022,Toán,3.8,4.0,15359
2022,Toán,4.0,4.2,16898
2022,Toán,4.2,4.4,18528
2022,Toán,4.4,4.6,20204
2022,Toán,4.6,4.8,22232
2022,Toán,4.8,5.0,23712
2022,Toán,5.0,5.2,25704
2022,Toán,5.2,5.4,27651
2022,Toán,5.4,5.6,29634
2022,Toán,5.6,5.8,31292
2022,Toán,5.8,6.0,33409
2022,Toán,6.0,6.2,35357
2022,Toán,6.2,6.4,37964
2022,Toán,6.4,6.6,40132
2022,Toán,6.6,6.8,42732
2022,Toán,6.8,7.0,45808
2022,Toán,7.0,7.2,48716
2022,Toán,7.2,7.4,51490
2022,Toán,7.4,7.6,53693
2022,Toán,7.6,7.8,54495
2022,Toán,7.8,8.0,52273
2022,Toán,8.0,8.2,48222
2022,Toán,8.2,8.4,40654
2022,Toán,8.4,8.6,31021
2022,Toán,8.6,8.8,20796
2022,Toán,8.8,9.0,12095
2022,Toán,9.0,9.2,5915
2022,Toán,9.2,9.4,2540
2022,Toán,9.4,9.6,926
2022,Toán,9.6,9.8,240
2022,Toán,9.8,10.0,35
2023,Toán,-0.001,0.2,3
2023,Toán,0.2,0.4,2
2023,Toán,0.4,0.6,4
2023,Toán,0.6,0.8,32
2023,Toán,0.8,1.0,82
2023,Toán,1.0,1.2,248
2023,Toán,1.2,1.4,539
2023,Toán,1.4,1.6,1055
2023,Toán,1.6,1.8,1928
2023,Toán,1.8,2.0,3084
2023,Toán,2.0,2.2,4498
2023,Toán,2.2,2.4,6266
2023,Toán,2.4,2.6,8310
2023,Toán,2.6,2.8,10049
2023,Toán,2.8,3.0,11499
2023,Toán,3.0,3.2,13224
2023,Toán,3.2,3.4,14581
2023,Toán,3.4,3.6,15839
2023,Toán,3.6,3.8,17023
2023,Toán,3.8,4.0,18705
2023,Toán,4.0,4.2,20121
2023,Toán,4.2,4.4,21769
2023,Toán,4.4,4.6,23146
2023,Toán,4.6,4.8,25087
2023,Toán,4.8,5.0,26667
2023,Toán,5.0,5.2,28490
2023,Toán,5.2,5.4,30648
2023,Toán,5.4,5.6,32351
2023,Toán,5.6,5.8,34652
2023,Toán,5.8,6.0,37100
2023,Toán,6.0,6.2,39299
2023,Toán,6.2,6.4,41586
2023,Toán,6.4,6.6,44705
2023,Toán,6.6,6.8,47231
2023,Toán,6.8,7.0,51245
2023,Toán,7.0,7.2,54069
2023,Toán,7.2,7.4,56130
2023,Toán,7.4,7.6,56640
2023,Toán,7.6,7.8,53308
2023,Toán,7.8,8.0,47380
2023,Toán,8.0,8.2,37744
2023,Toán,8.2,8.4,27537
2023,Toán,8.4,8.6,18534
2023,Toán,8.6,8.8,10923
2023,Toán,8.8,9.0,5850
2023,Toán,9.0,9.2,2672
2023,Toán,9.2,9.4,1080
2023,Toán,9.4,9.6,337
2023,Toán,9.6,9.8,89
2023,Toán,9.8,10.0,12
2024,Toán,-0.001,0.2,1
2024,Toán,0.2,0.4,1
2024,Toán,0.4,0.6,5
2024,Toán,0.6,0.8,12
2024,Toán,0.8,1.0,43
2024,Toán,1.0,1.2,126
2024,Toán,1.2,1.4,278
2024,Toán,1.4,1.6,619
2024,Toán,1.6,1.8,1156
2024,Toán,1.8,2.0,1975
2024,Toán,2.0,2.2,2935
2024,Toán,2.2,2.4,4279
2024,Toán,2.4,2.6,5681
2024,Toán,2.6,2.8,7304
2024,Toán,2.8,3.0,8593
2024,Toán,3.0,3.2,10076
2024,Toán,3.2,3.4,11770
2024,Toán,3.4,3.6,13026
2024,Toán,3.6,3.8,14851
2024,Toán,3.8,4.0,16457
2024,Toán,4.0,4.2,17680
2024,Toán,4.2,4.4,19896
2024,Toán,4.4,4.6,21858
2024,Toán,4.6,4.8,24293
2024,Toán,4.8,5.0,26556
2024,Toán,5.0,5.2,28625
2024,Toán,5.2,5.4,31311
2024,Toán,5.4,5.6,34540
2024,Toán,5.6,5.8,37438
2024,Toán,5.8,6.0,40255
2024,Toán,6.0,6.2,43553
2024,Toán,6.2,6.4,46501
2024,Toán,6.4,6.6,49309
2024,Toán,6.6,6.8,51589
2024,Toán,6.8,7.0,53000
2024,Toán,7.0,7.2,54349
2024,Toán,7.2,7.4,55273
2024,Toán,7.4,7.6,56017
2024,Toán,7.6,7.8,55990
2024,Toán,7.8,8.0,54182
2024,Toán,8.0,8.2,48784
2024,Toán,8.2,8.4,39796
2024,Toán,8.4,8.6,27884
2024,Toán,8.6,8.8,16048
2024,Toán,8.8,9.0,7573
2024,Toán,9.0,9.2,2899
2024,Toán,9.2,9.4,962
2024,Toán,9.4,9.6,221
2024,Toán,9.6,9.8,43
2019,Văn,-0.001,0.25,294
2019,Văn,0.25,0.5,443
2019,Văn,0.5,0.75,368
2019,Văn,0.75,1.0,340
2019,Văn,1.0,1.25,2102
2019,Văn,1.25,1.5,2369
2019,Văn,1.5,1.75,2729
2019,Văn,1.75,2.0,4702
2019,Văn,2.0,2.25,5154
2019,Văn,2.25,2.5,7955
2019,Văn,2.5,2.75,8684
2019,Văn,2.75,3.0,13853
2019,Văn,3.0,3.25,13547
2019,Văn,3.25,3.5,20047
2019,Văn,3.5,3.75,20139
2019,Văn,3.75,4.0,31272
2019,Văn,4.0,4.25,29260
2019,Văn,4.25,4.5,42733
2019,Văn,4.5,4.75,37755
2019,Văn,4.75,5.0,71126
2019,Văn,5.0,5.25,55933
2019,Văn,5.25,5.5,73549
2019,Văn,5.5,5.75,61961
2019,Văn,5.75,6.0,78648
2019,Văn,6.0,6.25,56046
2019,Văn,6.25,6.5,60715
2019,Văn,6.5,6.75,40451
2019,Văn,6.75,7.0,44232
2019,Văn,7.0,7.25,25627
2019,Văn,7.25,7.5,23585
2019,Văn,7.5,7.75,12935
2019,Văn,7.75,8.0,10990
2019,Văn,8.0,8.25,4348
2019,Văn,8.25,8.5,2808
2019,Văn,8.5,8.75,900
2019,Văn,8.75,9.0,390
2019,Văn,9.0,9.25,55
2019,Văn,9.25,9.5,17
2020,Văn,-0.001,0.25,45
2020,Văn,0.25,0.5,23
2020,Văn,0.5,0.75,44
2020,Văn,0.75,1.0,25
2020,Văn,1.0,1.25,141
2020,Văn,1.25,1.5,202
2020,Văn,1.5,1.75,268
2020,Văn,1.75,2.0,543
2020,Văn,2.0,2.25,803
2020,Văn,2.25,2.5,1294
2020,Văn,2.5,2.75,1851
2020,Văn,2.75,3.0,3249
2020,Văn,3.0,3.25,3921
2020,Văn,3.25,3.5,6240
2020,Văn,3.5,3.75,7455
2020,Văn,3.75,4.0,11365
2020,Văn,4.0,4.25,11483
2020,Văn,4.25,4.5,15641
2020,Văn,4.5,4.75,14905
2020,Văn,4.75,5.0,26665
2020,Văn,5.0,5.25,25101
2020,Văn,5.25,5.5,37785
2020,Văn,5.5,5.75,39874
2020,Văn,5.75,6.0,59068
2020,Văn,6.0,6.25,56283
2020,Văn,6.25,6.5,74859
2020,Văn,6.5,6.75,67509
2020,Văn,6.75,7.0,82391
2020,Văn,7.0,7.25,61401
2020,Văn,7.25,7.5,68560
2020,Văn,7.5,7.75,49764
2020,Văn,7.75,8.0,50257
2020,Văn,8.0,8.25,29136
2020,Văn,8.25,8.5,25287
2020,Văn,8.5,8.75,12998
2020,Văn,8.75,9.0,7467
2020,Văn,9.0,9.25,1988
2020,Văn,9.25,9.5,655
2020,Văn,9.5,9.75,48
2020,Văn,9.75,10.0,2
2021,Văn,-0.001,0.25,37
2021,Văn,0.25,0.5,45
2021,Văn,0.5,0.75,69
2021,Văn,0.75,1.0,24
2021,Văn,1.0,1.25,565
2021,Văn,1.25,1.5,825
2021,Văn,1.5,1.75,988
2021,Văn,1.75,2.0,1677
2021,Văn,2.0,2.25,1889
2021,Văn,2.25,2.5,3005
2021,Văn,2.5,2.75,3580
2021,Văn,2.75,3.0,5495
2021,Văn,3.0,3.25,6314
2021,Văn,3.25,3.5,9303
2021,Văn,3.5,3.75,11083
2021,Văn,3.75,4.0,15733
2021,Văn,4.0,4.25,16026
2021,Văn,4.25,4.5,21350
2021,Văn,4.5,4.75,19813
2021,Văn,4.75,5.0,36824
2021,Văn,5.0,5.25,34344
2021,Văn,5.25,5.5,47411
2021,Văn,5.5,5.75,49773
2021,Văn,5.75,6.0,68173
2021,Văn,6.0,6.25,64211
2021,Văn,6.25,6.5,79659
2021,Văn,6.5,6.75,70692
2021,Văn,6.75,7.0,81489
2021,Văn,7.0,7.25,62533
2021,Văn,7.25,7.5,67781
2021,Văn,7.5,7.75,51882
2021,Văn,7.75,8.0,52110
2021,Văn,8.0,8.25,33221
2021,Văn,8.25,8.5,29090
2021,Văn,8.5,8.75,16964
2021,Văn,8.75,9.0,10780
2021,Văn,9.0,9.25,3192
2021,Văn,9.25,9.5,955
2021,Văn,9.5,9.75,69
2021,Văn,9.75,10.0,3
2022,Văn,-0.001,0.25,50
2022,Văn,0.25,0.5,51
2022,Văn,0.5,0.75,65
2022,Văn,0.75,1.0,28
2022,Văn,1.0,1.25,394
2022,Văn,1.25,1.5,611
2022,Văn,1.5,1.75,694
2022,Văn,1.75,2.0,1261
2022,Văn,2.0,2.25,1516
2022,Văn,2.25,2.5,2260
2022,Văn,2.5,2.75,2911
2022,Văn,2.75,3.0,4817
2022,Văn,3.0,3.25,5544
2022,Văn,3.25,3.5,8219
2022,Văn,3.5,3.75,10118
2022,Văn,3.75,4.0,14777
2022,Văn,4.0,4.25,16093
2022,Văn,4.25,4.5,22280
2022,Văn,4.5,4.75,22082
2022,Văn,4.75,5.0,42219
2022,Văn,5.0,5.25,38606
2022,Văn,5.25,5.5,50579
2022,Văn,5.5,5.75,51713
2022,Văn,5.75,6.0,67799
2022,Văn,6.0,6.25,62607
2022,Văn,6.25,6.5,73566
2022,Văn,6.5,6.75,65253
2022,Văn,6.75,7.0,75056
2022,Văn,7.0,7.25,58112
2022,Văn,7.25,7.5,64074
2022,Văn,7.5,7.75,51264
2022,Văn,7.75,8.0,52368
2022,Văn,8.0,8.25,35728
2022,Văn,8.25,8.5,32774
2022,Văn,8.5,8.75,21759
2022,Văn,8.75,9.0,15560
2022,Văn,9.0,9.25,6096
2022,Văn,9.25,9.5,2326
2022,Văn,9.5,9.75,172
2022,Văn,9.75,10.0,5
2023,Văn,-0.001,0.25,32
2023,Văn,0.25,0.5,19
2023,Văn,0.5,0.75,29
2023,Văn,0.75,1.0,12
2023,Văn,1.0,1.25,236
2023,Văn,1.25,1.5,322
2023,Văn,1.5,1.75,359
2023,Văn,1.75,2.0,702
2023,Văn,2.0,2.25,896
2023,Văn,2.25,2.5,1264
2023,Văn,2.5,2.75,1722
2023,Văn,2.75,3.0,2713
2023,Văn,3.0,3.25,3385
2023,Văn,3.25,3.5,5142
2023,Văn,3.5,3.75,6470
2023,Văn,3.75,4.0,9385
2023,Văn,4.0,4.25,10933
2023,Văn,4.25,4.5,14893
2023,Văn,4.5,4.75,15053
2023,Văn,4.75,5.0,30359
2023,Văn,5.0,5.25,29439
2023,Văn,5.25,5.5,40103
2023,Văn,5.5,5.75,44308
2023,Văn,5.75,6.0,59340
2023,Văn,6.0,6.25,59573
2023,Văn,6.25,6.5,72141
2023,Văn,6.5,6.75,68860
2023,Văn,6.75,7.0,79179
2023,Văn,7.0,7.25,67348
2023,Văn,7.25,7.5,73880
2023,Văn,7.5,7.75,63720
2023,Văn,7.75,8.0,67707
2023,Văn,8.0,8.25,50890
2023,Văn,8.25,8.5,48898
2023,Văn,8.5,8.75,35537
2023,Văn,8.75,9.0,26209
2023,Văn,9.0,9.25,12076
2023,Văn,9.25,9.5,4661
2023,Văn,9.5,9.75,443
2023,Văn,9.75,10.0,1
2024,Văn,-0.001,0.25,30
2024,Văn,0.25,0.5,11
2024,Văn,0.5,0.75,11
2024,Văn,0.75,1.0,7
2024,Văn,1.0,1.25,187
2024,Văn,1.25,1.5,319
2024,Văn,1.5,1.75,372
2024,Văn,1.75,2.0,658
2024,Văn,2.0,2.25,758
2024,Văn,2.25,2.5,1178
2024,Văn,2.5,2.75,1510
2024,Văn,2.75,3.0,2194
2024,Văn,3.0,3.25,2593
2024,Văn,3.25,3.5,3684
2024,Văn,3.5,3.75,4513
2024,Văn,3.75,4.0,6965
2024,Văn,4.0,4.25,7613
2024,Văn,4.25,4.5,10461
2024,Văn,4.5,4.75,10055
2024,Văn,4.75,5.0,22795
2024,Văn,5.0,5.25,21227
2024,Văn,5.25,5.5,28987
2024,Văn,5.5,5.75,32782
2024,Văn,5.75,6.0,45222
2024,Văn,6.0,6.25,46977
2024,Văn,6.25,6.5,59795
2024,Văn,6.5,6.75,60700
2024,Văn,6.75,7.0,75294
2024,Văn,7.0,7.25,68747
2024,Văn,7.25,7.5,80400
2024,Văn,7.5,7.75,76005
2024,Văn,7.75,8.0,86020
2024,Văn,8.0,8.25,70561
2024,Văn,8.25,8.5,72267
2024,Văn,8.5,8.75,57146
2024,Văn,8.75,9.0,49257
2024,Văn,9.0,9.25,26758
2024,Văn,9.25,9.5,14197
2024,Văn,9.5,9.75,1843
2024,Văn,9.75,10.0,2
2019,Ngoại ngữ,-0.001,0.2,115
2019,Ngoại ngữ,0.2,0.4,5
2019,Ngoại ngữ,0.4,0.6,33
2019,Ngoại ngữ,0.6,0.8,124
2019,Ngoại ngữ,0.8,1.0,470
2019,Ngoại ngữ,1.0,1.2,1328
2019,Ngoại ngữ,1.2,1.4,2867
2019,Ngoại ngữ,1.4,1.6,5960
2019,Ngoại ngữ,1.6,1.8,10326
2019,Ngoại ngữ,1.8,2.0,16747
2019,Ngoại ngữ,2.0,2.2,23714
2019,Ngoại ngữ,2.2,2.4,31523
2019,Ngoại ngữ,2.4,2.6,37649
2019,Ngoại ngữ,2.6,2.8,42385
2019,Ngoại ngữ,2.8,3.0,45356
2019,Ngoại ngữ,3.0,3.2,45813
2019,Ngoại ngữ,3.2,3.4,44541
2019,Ngoại ngữ,3.4,3.6,41908
2019,Ngoại ngữ,3.6,3.8,39596
2019,Ngoại ngữ,3.8,4.0,36426
2019,Ngoại ngữ,4.0,4.2,33469
2019,Ngoại ngữ,4.2,4.4,30647
2019,Ngoại ngữ,4.4,4.6,27507
2019,Ngoại ngữ,4.6,4.8,25024
2019,Ngoại ngữ,4.8,5.0,22687
2019,Ngoại ngữ,5.0,5.2,21046
2019,Ngoại ngữ,5.2,5.4,18752
2019,Ngoại ngữ,5.4,5.6,17341
2019,Ngoại ngữ,5.6,5.8,15524
2019,Ngoại ngữ,5.8,6.0,14344
2019,Ngoại ngữ,6.0,6.2,13209
2019,Ngoại ngữ,6.2,6.4,12231
2019,Ngoại ngữ,6.4,6.6,11396
2019,Ngoại ngữ,6.6,6.8,10454
2019,Ngoại ngữ,6.8,7.0,9901
2019,Ngoại ngữ,7.0,7.2,9326
2019,Ngoại ngữ,7.2,7.4,8618
2019,Ngoại ngữ,7.4,7.6,8060
2019,Ngoại ngữ,7.6,7.8,7677
2019,Ngoại ngữ,7.8,8.0,7171
2019,Ngoại ngữ,8.0,8.2,7036
2019,Ngoại ngữ,8.2,8.4,6482
2019,Ngoại ngữ,8.4,8.6,6129
2019,Ngoại ngữ,8.6,8.8,5456
2019,Ngoại ngữ,8.8,9.0,4938
2019,Ngoại ngữ,9.0,9.2,4034
2019,Ngoại ngữ,9.2,9.4,3220
2019,Ngoại ngữ,9.4,9.6,2054
2019,Ngoại ngữ,9.6,9.8,1003
2019,Ngoại ngữ,9.8,10.0,313
2020,Ngoại ngữ,-0.001,0.2,19
2020,Ngoại ngữ,0.2,0.4,5
2020,Ngoại ngữ,0.4,0.6,31
2020,Ngoại ngữ,0.6,0.8,109
2020,Ngoại ngữ,0.8,1.0,409
2020,Ngoại ngữ,1.0,1.2,1157
2020,Ngoại ngữ,1.2,1.4,2367
2020,Ngoại ngữ,1.4,1.6,4632
2020,Ngoại ngữ,1.6,1.8,8700
2020,Ngoại ngữ,1.8,2.0,13035
2020,Ngoại ngữ,2.0,2.2,19331
2020,Ngoại ngữ,2.2,2.4,25639
2020,Ngoại ngữ,2.4,2.6,30203
2020,Ngoại ngữ,2.6,2.8,34609
2020,Ngoại ngữ,2.8,3.0,37108
2020,Ngoại ngữ,3.0,3.2,38651
2020,Ngoại ngữ,3.2,3.4,38650
2020,Ngoại ngữ,3.4,3.6,37982
2020,Ngoại ngữ,3.6,3.8,36659
2020,Ngoại ngữ,3.8,4.0,35566
2020,Ngoại ngữ,4.0,4.2,33526
2020,Ngoại ngữ,4.2,4.4,32129
2020,Ngoại ngữ,4.4,4.6,30399
2020,Ngoại ngữ,4.6,4.8,28455
2020,Ngoại ngữ,4.8,5.0,26722
2020,Ngoại ngữ,5.0,5.2,24454
2020,Ngoại ngữ,5.2,5.4,22531
2020,Ngoại ngữ,5.4,5.6,20316
2020,Ngoại ngữ,5.6,5.8,18547
2020,Ngoại ngữ,5.8,6.0,16804
2020,Ngoại ngữ,6.0,6.2,15131
2020,Ngoại ngữ,6.2,6.4,13951
2020,Ngoại ngữ,6.4,6.6,12711
2020,Ngoại ngữ,6.6,6.8,11670
2020,Ngoại ngữ,6.8,7.0,10824
2020,Ngoại ngữ,7.0,7.2,10300
2020,Ngoại ngữ,7.2,7.4,9655
2020,Ngoại ngữ,7.4,7.6,9592
2020,Ngoại ngữ,7.6,7.8,8970
2020,Ngoại ngữ,7.8,8.0,8717
2020,Ngoại ngữ,8.0,8.2,8240
2020,Ngoại ngữ,8.2,8.4,7653
2020,Ngoại ngữ,8.4,8.6,6806
2020,Ngoại ngữ,8.6,8.8,5871
2020,Ngoại ngữ,8.8,9.0,4700
2020,Ngoại ngữ,9.0,9.2,3492
2020,Ngoại ngữ,9.2,9.4,2428
2020,Ngoại ngữ,9.4,9.6,1524
2020,Ngoại ngữ,9.6,9.8,817
2020,Ngoại ngữ,9.8,10.0,328
2021,Ngoại ngữ,-0.001,0.2,2
2021,Ngoại ngữ,0.4,0.6,3
2021,Ngoại ngữ,0.6,0.8,34
2021,Ngoại ngữ,0.8,1.0,106
2021,Ngoại ngữ,1.0,1.2,360
2021,Ngoại ngữ,1.2,1.4,715
2021,Ngoại ngữ,1.4,1.6,1621
2021,Ngoại ngữ,1.6,1.8,3310
2021,Ngoại ngữ,1.8,2.0,5897
2021,Ngoại ngữ,2.0,2.2,8770
2021,Ngoại ngữ,2.2,2.4,12337
2021,Ngoại ngữ,2.4,2.6,16558
2021,Ngoại ngữ,2.6,2.8,20552
2021,Ngoại ngữ,2.8,3.0,24052
2021,Ngoại ngữ,3.0,3.2,26607
2021,Ngoại ngữ,3.2,3.4,28639
2021,Ngoại ngữ,3.4,3.6,29249
2021,Ngoại ngữ,3.6,3.8,29588
2021,Ngoại ngữ,3.8,4.0,29617
2021,Ngoại ngữ,4.0,4.2,28998
2021,Ngoại ngữ,4.2,4.4,28410
2021,Ngoại ngữ,4.4,4.6,27888
2021,Ngoại ngữ,4.6,4.8,26971
2021,Ngoại ngữ,4.8,5.0,25963
2021,Ngoại ngữ,5.0,5.2,24731
2021,Ngoại ngữ,5.2,5.4,23438
2021,Ngoại ngữ,5.4,5.6,22760
2021,Ngoại ngữ,5.6,5.8,22033
2021,Ngoại ngữ,5.8,6.0,21170
2021,Ngoại ngữ,6.0,6.2,20200
2021,Ngoại ngữ,6.2,6.4,19509
2021,Ngoại ngữ,6.4,6.6,19003
2021,Ngoại ngữ,6.6,6.8,18764
2021,Ngoại ngữ,6.8,7.0,18447
2021,Ngoại ngữ,7.0,7.2,18614
2021,Ngoại ngữ,7.2,7.4,18350
2021,Ngoại ngữ,7.4,7.6,18649
2021,Ngoại ngữ,7.6,7.8,19052
2021,Ngoại ngữ,7.8,8.0,19481
2021,Ngoại ngữ,8.0,8.2,20457
2021,Ngoại ngữ,8.2,8.4,21357
2021,Ngoại ngữ,8.4,8.6,22641
2021,Ngoại ngữ,8.6,8.8,23993
2021,Ngoại ngữ,8.8,9.0,24702
2021,Ngoại ngữ,9.0,9.2,24521
2021,Ngoại ngữ,9.2,9.4,21878
2021,Ngoại ngữ,9.4,9.6,16920
2021,Ngoại ngữ,9.6,9.8,10822
2021,Ngoại ngữ,9.8,10.0,4590
2022,Ngoại ngữ,-0.001,0.2,8
2022,Ngoại ngữ,0.2,0.4,4
2022,Ngoại ngữ,0.4,0.6,23
2022,Ngoại ngữ,0.6,0.8,112
2022,Ngoại ngữ,0.8,1.0,271
2022,Ngoại ngữ,1.0,1.2,679
2022,Ngoại ngữ,1.2,1.4,1374
2022,Ngoại ngữ,1.4,1.6,2928
2022,Ngoại ngữ,1.6,1.8,5114
2022,Ngoại ngữ,1.8,2.0,8278
2022,Ngoại ngữ,2.0,2.2,12263
2022,Ngoại ngữ,2.2,2.4,16824
2022,Ngoại ngữ,2.4,2.6,21618
2022,Ngoại ngữ,2.6,2.8,26131
2022,Ngoại ngữ,2.8,3.0,30244
2022,Ngoại ngữ,3.0,3.2,33381
2022,Ngoại ngữ,3.2,3.4,35688
2022,Ngoại ngữ,3.4,3.6,36953
2022,Ngoại ngữ,3.6,3.8,38129
2022,Ngoại ngữ,3.8,4.0,37943
2022,Ngoại ngữ,4.0,4.2,36657
2022,Ngoại ngữ,4.2,4.4,36018
2022,Ngoại ngữ,4.4,4.6,34109
2022,Ngoại ngữ,4.6,4.8,32649
2022,Ngoại ngữ,4.8,5.0,30770
2022,Ngoại ngữ,5.0,5.2,29151
2022,Ngoại ngữ,5.2,5.4,27345
2022,Ngoại ngữ,5.4,5.6,25539
2022,Ngoại ngữ,5.6,5.8,23957
2022,Ngoại ngữ,5.8,6.0,22510
2022,Ngoại ngữ,6.0,6.2,21299
2022,Ngoại ngữ,6.2,6.4,19849
2022,Ngoại ngữ,6.4,6.6,19089
2022,Ngoại ngữ,6.6,6.8,18156
2022,Ngoại ngữ,6.8,7.0,17216
2022,Ngoại ngữ,7.0,7.2,16405
2022,Ngoại ngữ,7.2,7.4,15917
2022,Ngoại ngữ,7.4,7.6,15477
2022,Ngoại ngữ,7.6,7.8,15274
2022,Ngoại ngữ,7.8,8.0,14852
2022,Ngoại ngữ,8.0,8.2,14677
2022,Ngoại ngữ,8.2,8.4,14363
2022,Ngoại ngữ,8.4,8.6,13848
2022,Ngoại ngữ,8.6,8.8,12832
2022,Ngoại ngữ,8.8,9.0,11310
2022,Ngoại ngữ,9.0,9.2,9288
2022,Ngoại ngữ,9.2,9.4,6987
2022,Ngoại ngữ,9.4,9.6,4395
2022,Ngoại ngữ,9.6,9.8,2150
2022,Ngoại ngữ,9.8,10.0,555
2023,Ngoại ngữ,-0.001,0.2,7
2023,Ngoại ngữ,0.4,0.6,12
2023,Ngoại ngữ,0.6,0.8,38
2023,Ngoại ngữ,0.8,1.0,135
2023,Ngoại ngữ,1.0,1.2,363
2023,Ngoại ngữ,1.2,1.4,1024
2023,Ngoại ngữ,1.4,1.6,1968
2023,Ngoại ngữ,1.6,1.8,3422
2023,Ngoại ngữ,1.8,2.0,5874
2023,Ngoại ngữ,2.0,2.2,8754
2023,Ngoại ngữ,2.2,2.4,12449
2023,Ngoại ngữ,2.4,2.6,16646
2023,Ngoại ngữ,2.6,2.8,20794
2023,Ngoại ngữ,2.8,3.0,24284
2023,Ngoại ngữ,3.0,3.2,27456
2023,Ngoại ngữ,3.2,3.4,30158
2023,Ngoại ngữ,3.4,3.6,32472
2023,Ngoại ngữ,3.6,3.8,34005
2023,Ngoại ngữ,3.8,4.0,34469
2023,Ngoại ngữ,4.0,4.2,35525
2023,Ngoại ngữ,4.2,4.4,35085
2023,Ngoại ngữ,4.4,4.6,34927
2023,Ngoại ngữ,4.6,4.8,33826
2023,Ngoại ngữ,4.8,5.0,32945
2023,Ngoại ngữ,5.0,5.2,31195
2023,Ngoại ngữ,5.2,5.4,29592
2023,Ngoại ngữ,5.4,5.6,28010
2023,Ngoại ngữ,5.6,5.8,26636
2023,Ngoại ngữ,5.8,6.0,24870
2023,Ngoại ngữ,6.0,6.2,23748
2023,Ngoại ngữ,6.2,6.4,22229
2023,Ngoại ngữ,6.4,6.6,21334
2023,Ngoại ngữ,6.6,6.8,20413
2023,Ngoại ngữ,6.8,7.0,19288
2023,Ngoại ngữ,7.0,7.2,19131
2023,Ngoại ngữ,7.2,7.4,18288
2023,Ngoại ngữ,7.4,7.6,18102
2023,Ngoại ngữ,7.6,7.8,17749
2023,Ngoại ngữ,7.8,8.0,17401
2023,Ngoại ngữ,8.0,8.2,17705
2023,Ngoại ngữ,8.2,8.4,17211
2023,Ngoại ngữ,8.4,8.6,17341
2023,Ngoại ngữ,8.6,8.8,16744
2023,Ngoại ngữ,8.8,9.0,15477
2023,Ngoại ngữ,9.0,9.2,13482
2023,Ngoại ngữ,9.2,9.4,9857
2023,Ngoại ngữ,9.4,9.6,5648
2023,Ngoại ngữ,9.6,9.8,2353
2023,Ngoại ngữ,9.8,10.0,555
2024,Ngoại ngữ,-0.001,0.2,3
2024,Ngoại ngữ,0.2,0.4,1
2024,Ngoại ngữ,0.4,0.6,8
2024,Ngoại ngữ,0.6,0.8,31
2024,Ngoại ngữ,0.8,1.0,91
2024,Ngoại ngữ,1.0,1.2,273
2024,Ngoại ngữ,1.2,1.4,738
2024,Ngoại ngữ,1.4,1.6,1535
2024,Ngoại ngữ,1.6,1.8,2739
2024,Ngoại ngữ,1.8,2.0,4767
2024,Ngoại ngữ,2.0,2.2,7225
2024,Ngoại ngữ,2.2,2.4,10179
2024,Ngoại ngữ,2.4,2.6,13784
2024,Ngoại ngữ,2.6,2.8,17394
2024,Ngoại ngữ,2.8,3.0,20952
2024,Ngoại ngữ,3.0,3.2,24610
2024,Ngoại ngữ,3.2,3.4,27706
2024,Ngoại ngữ,3.4,3.6,30801
2024,Ngoại ngữ,3.6,3.8,33201
2024,Ngoại ngữ,3.8,4.0,35801
2024,Ngoại ngữ,4.0,4.2,37823
2024,Ngoại ngữ,4.2,4.4,39337
2024,Ngoại ngữ,4.4,4.6,39561
2024,Ngoại ngữ,4.6,4.8,39376
2024,Ngoại ngữ,4.8,5.0,38371
2024,Ngoại ngữ,5.0,5.2,36547
2024,Ngoại ngữ,5.2,5.4,34535
2024,Ngoại ngữ,5.4,5.6,32143
2024,Ngoại ngữ,5.6,5.8,30038
2024,Ngoại ngữ,5.8,6.0,27884
2024,Ngoại ngữ,6.0,6.2,25754
2024,Ngoại ngữ,6.2,6.4,23934
2024,Ngoại ngữ,6.4,6.6,22251
2024,Ngoại ngữ,6.6,6.8,21387
2024,Ngoại ngữ,6.8,7.0,20365
2024,Ngoại ngữ,7.0,7.2,19900
2024,Ngoại ngữ,7.2,7.4,19248
2024,Ngoại ngữ,7.4,7.6,19471
2024,Ngoại ngữ,7.6,7.8,19458
2024,Ngoại ngữ,7.8,8.0,19717
2024,Ngoại ngữ,8.0,8.2,19519
2024,Ngoại ngữ,8.2,8.4,19148
2024,Ngoại ngữ,8.4,8.6,18355
2024,Ngoại ngữ,8.6,8.8,16539
2024,Ngoại ngữ,8.8,9.0,13936
2024,Ngoại ngữ,9.0,9.2,10586
2024,Ngoại ngữ,9.2,9.4,7762
2024,Ngoại ngữ,9.4,9.6,4964
2024,Ngoại ngữ,9.6,9.8,2312
2024,Ngoại ngữ,9.8,10.0,645
2019,Lí,-0.001,0.25,51
2019,Lí,0.25,0.5,7
2019,Lí,0.5,0.75,25
2019,Lí,0.75,1.0,117
2019,Lí,1.0,1.25,312
2019,Lí,1.25,1.5,640
2019,Lí,1.5,1.75,1328
2019,Lí,1.75,2.0,2427
2019,Lí,2.0,2.25,3556
2019,Lí,2.25,2.5,4868
2019,Lí,2.5,2.75,6273
2019,Lí,2.75,3.0,7525
2019,Lí,3.0,3.25,8594
2019,Lí,3.25,3.5,9500
2019,Lí,3.5,3.75,10707
2019,Lí,3.75,4.0,11611
2019,Lí,4.0,4.25,12538
2019,Lí,4.25,4.5,13916
2019,Lí,4.5,4.75,15305
2019,Lí,4.75,5.0,16330
2019,Lí,5.0,5.25,17432
2019,Lí,5.25,5.5,18555
2019,Lí,5.5,5.75,19413
2019,Lí,5.75,6.0,19656
2019,Lí,6.0,6.25,19837
2019,Lí,6.25,6.5,19391
2019,Lí,6.5,6.75,18687
2019,Lí,6.75,7.0,17516
2019,Lí,7.0,7.25,15237
2019,Lí,7.25,7.5,13134
2019,Lí,7.5,7.75,10325
2019,Lí,7.75,8.0,7819
2019,Lí,8.0,8.25,5423
2019,Lí,8.25,8.5,3408
2019,Lí,8.5,8.75,2046
2019,Lí,8.75,9.0,966
2019,Lí,9.0,9.25,385
2019,Lí,9.25,9.5,103
2019,Lí,9.5,9.75,17
2019,Lí,9.75,10.0,2
2020,Lí,-0.001,0.25,8
2020,Lí,0.25,0.5,1
2020,Lí,0.5,0.75,10
2020,Lí,0.75,1.0,21
2020,Lí,1.0,1.25,72
2020,Lí,1.25,1.5,175
2020,Lí,1.5,1.75,298
2020,Lí,1.75,2.0,507
2020,Lí,2.0,2.25,841
2020,Lí,2.25,2.5,1190
2020,Lí,2.5,2.75,1622
2020,Lí,2.75,3.0,2189
2020,Lí,3.0,3.25,2644
2020,Lí,3.25,3.5,3195
2020,Lí,3.5,3.75,3647
2020,Lí,3.75,4.0,4442
2020,Lí,4.0,4.25,5028
2020,Lí,4.25,4.5,5779
2020,Lí,4.5,4.75,6573
2020,Lí,4.75,5.0,7531
2020,Lí,5.0,5.25,8617
2020,Lí,5.25,5.5,9713
2020,Lí,5.5,5.75,10946
2020,Lí,5.75,6.0,12513
2020,Lí,6.0,6.25,13860
2020,Lí,6.25,6.5,15614
2020,Lí,6.5,6.75,17466
2020,Lí,6.75,7.0,19729
2020,Lí,7.0,7.25,21900
2020,Lí,7.25,7.5,23505
2020,Lí,7.5,7.75,23713
2020,Lí,7.75,8.0,22019
2020,Lí,8.0,8.25,18635
2020,Lí,8.25,8.5,13632
2020,Lí,8.5,8.75,8448
2020,Lí,8.75,9.0,4653
2020,Lí,9.0,9.25,1868
2020,Lí,9.25,9.5,544
2020,Lí,9.5,9.75,136
2020,Lí,9.75,10.0,10
2021,Lí,-0.001,0.25,7
2021,Lí,0.25,0.5,1
2021,Lí,0.5,0.75,3
2021,Lí,0.75,1.0,14
2021,Lí,1.0,1.25,37
2021,Lí,1.25,1.5,75
2021,Lí,1.5,1.75,162
2021,Lí,1.75,2.0,277
2021,Lí,2.0,2.25,497
2021,Lí,2.25,2.5,821
2021,Lí,2.5,2.75,1229
2021,Lí,2.75,3.0,1653
2021,Lí,3.0,3.25,2333
2021,Lí,3.25,3.5,3203
2021,Lí,3.5,3.75,4286
2021,Lí,3.75,4.0,5492
2021,Lí,4.0,4.25,6890
2021,Lí,4.25,4.5,8418
2021,Lí,4.5,4.75,9928
2021,Lí,4.75,5.0,11752
2021,Lí,5.0,5.25,13243
2021,Lí,5.25,5.5,14808
2021,Lí,5.5,5.75,16717
2021,Lí,5.75,6.0,18090
2021,Lí,6.0,6.25,19709
2021,Lí,6.25,6.5,21305
2021,Lí,6.5,6.75,22696
2021,Lí,6.75,7.0,24026
2021,Lí,7.0,7.25,25231
2021,Lí,7.25,7.5,25511
2021,Lí,7.5,7.75,24811
2021,Lí,7.75,8.0,22159
2021,Lí,8.0,8.25,17938
2021,Lí,8.25,8.5,11665
2021,Lí,8.5,8.75,6877
2021,Lí,8.75,9.0,3177
2021,Lí,9.0,9.25,1238
2021,Lí,9.25,9.5,359
2021,Lí,9.5,9.75,82
2021,Lí,9.75,10.0,14
2022,Lí,-0.001,0.25,10
2022,Lí,0.5,0.75,1
2022,Lí,0.75,1.0,11
2022,Lí,1.0,1.25,24
2022,Lí,1.25,1.5,71
2022,Lí,1.5,1.75,138
2022,Lí,1.75,2.0,241
2022,Lí,2.0,2.25,388
2022,Lí,2.25,2.5,645
2022,Lí,2.5,2.75,1029
2022,Lí,2.75,3.0,1526
2022,Lí,3.0,3.25,2031
2022,Lí,3.25,3.5,2818
2022,Lí,3.5,3.75,3581
2022,Lí,3.75,4.0,4613
2022,Lí,4.0,4.25,5661
2022,Lí,4.25,4.5,7005
2022,Lí,4.5,4.75,8252
2022,Lí,4.75,5.0,9549
2022,Lí,5.0,5.25,11160
2022,Lí,5.25,5.5,12696
2022,Lí,5.5,5.75,14556
2022,Lí,5.75,6.0,16355
2022,Lí,6.0,6.25,17962
2022,Lí,6.25,6.5,19475
2022,Lí,6.5,6.75,21240
2022,Lí,6.75,7.0,22546
2022,Lí,7.0,7.25,23162
2022,Lí,7.25,7.5,22883
2022,Lí,7.5,7.75,21849
2022,Lí,7.75,8.0,19664
2022,Lí,8.0,8.25,16373
2022,Lí,8.25,8.5,13432
2022,Lí,8.5,8.75,10232
2022,Lí,8.75,9.0,7192
2022,Lí,9.0,9.25,4278
2022,Lí,9.25,9.5,2012
2022,Lí,9.5,9.75,708
2022,Lí,9.75,10.0,154
2023,Lí,-0.001,0.25,11
2023,Lí,0.25,0.5,2
2023,Lí,0.5,0.75,2
2023,Lí,0.75,1.0,8
2023,Lí,1.0,1.25,15
2023,Lí,1.25,1.5,59
2023,Lí,1.5,1.75,130
2023,Lí,1.75,2.0,254
2023,Lí,2.0,2.25,429
2023,Lí,2.25,2.5,805
2023,Lí,2.5,2.75,1229
2023,Lí,2.75,3.0,1776
2023,Lí,3.0,3.25,2789
2023,Lí,3.25,3.5,3672
2023,Lí,3.5,3.75,4852
2023,Lí,3.75,4.0,6019
2023,Lí,4.0,4.25,7419
2023,Lí,4.25,4.5,8771
2023,Lí,4.5,4.75,10138
2023,Lí,4.75,5.0,11317
2023,Lí,5.0,5.25,12664
2023,Lí,5.25,5.5,13693
2023,Lí,5.5,5.75,15147
2023,Lí,5.75,6.0,16259
2023,Lí,6.0,6.25,17447
2023,Lí,6.25,6.5,18523
2023,Lí,6.5,6.75,19523
2023,Lí,6.75,7.0,20599
2023,Lí,7.0,7.25,21129
2023,Lí,7.25,7.5,21554
2023,Lí,7.5,7.75,21207
2023,Lí,7.75,8.0,19844
2023,Lí,8.0,8.25,17351
2023,Lí,8.25,8.5,13561
2023,Lí,8.5,8.75,9287
2023,Lí,8.75,9.0,5308
2023,Lí,9.0,9.25,2822
2023,Lí,9.25,9.5,1136
2023,Lí,9.5,9.75,368
2023,Lí,9.75,10.0,70
2024,Lí,-0.001,0.25,5
2024,Lí,0.25,0.5,2
2024,Lí,0.5,0.75,11
2024,Lí,0.75,1.0,31
2024,Lí,1.0,1.25,57
2024,Lí,1.25,1.5,152
2024,Lí,1.5,1.75,356
2024,Lí,1.75,2.0,605
2024,Lí,2.0,2.25,1000
2024,Lí,2.25,2.5,1518
2024,Lí,2.5,2.75,2263
2024,Lí,2.75,3.0,2993
2024,Lí,3.0,3.25,3982
2024,Lí,3.25,3.5,4833
2024,Lí,3.5,3.75,5748
2024,Lí,3.75,4.0,6948
2024,Lí,4.0,4.25,7745
2024,Lí,4.25,4.5,8580
2024,Lí,4.5,4.75,9659
2024,Lí,4.75,5.0,10432
2024,Lí,5.0,5.25,11147
2024,Lí,5.25,5.5,11909
2024,Lí,5.5,5.75,12852
2024,Lí,5.75,6.0,13597
2024,Lí,6.0,6.25,14618
2024,Lí,6.25,6.5,15769
2024,Lí,6.5,6.75,17294
2024,Lí,6.75,7.0,19005
2024,Lí,7.0,7.25,21122
2024,Lí,7.25,7.5,22949
2024,Lí,7.5,7.75,24287
2024,Lí,7.75,8.0,24625
2024,Lí,8.0,8.25,22704
2024,Lí,8.25,8.5,18549
2024,Lí,8.5,8.75,13415
2024,Lí,8.75,9.0,8278
2024,Lí,9.0,9.25,4383
2024,Lí,9.25,9.5,1667
2024,Lí,9.5,9.75,470
2024,Lí,9.75,10.0,55
2019,Hóa,-0.001,0.25,58
2019,Hóa,0.25,0.5,5
2019,Hóa,0.5,0.75,35
2019,Hóa,0.75,1.0,146
2019,Hóa,1.0,1.25,389
2019,Hóa,1.25,1.5,873
2019,Hóa,1.5,1.75,1646
2019,Hóa,1.75,2.0,2712
2019,Hóa,2.0,2.25,4252
2019,Hóa,2.25,2.5,5640
2019,Hóa,2.5,2.75,7198
2019,Hóa,2.75,3.0,8597
2019,Hóa,3.0,3.25,10143
2019,Hóa,3.25,3.5,11716
2019,Hóa,3.5,3.75,12870
2019,Hóa,3.75,4.0,13898
2019,Hóa,4.0,4.25,15141
2019,Hóa,4.25,4.5,15773
2019,Hóa,4.5,4.75,16699
2019,Hóa,4.75,5.0,17608
2019,Hóa,5.0,5.25,17948
2019,Hóa,5.25,5.5,18487
2019,Hóa,5.5,5.75,19211
2019,Hóa,5.75,6.0,19764
2019,Hóa,6.0,6.25,19560
2019,Hóa,6.25,6.5,19232
2019,Hóa,6.5,6.75,18108
2019,Hóa,6.75,7.0,15985
2019,Hóa,7.0,7.25,13547
2019,Hóa,7.25,7.5,10518
2019,Hóa,7.5,7.75,7807
2019,Hóa,7.75,8.0,5358
2019,Hóa,8.0,8.25,3340
2019,Hóa,8.25,8.5,2134
2019,Hóa,8.5,8.75,1204
2019,Hóa,8.75,9.0,641
2019,Hóa,9.0,9.25,311
2019,Hóa,9.25,9.5,150
2019,Hóa,9.5,9.75,51
2019,Hóa,9.75,10.0,12
2020,Hóa,-0.001,0.25,14
2020,Hóa,0.25,0.5,2
2020,Hóa,0.5,0.75,5
2020,Hóa,0.75,1.0,18
2020,Hóa,1.0,1.25,43
2020,Hóa,1.25,1.5,97
2020,Hóa,1.5,1.75,209
2020,Hóa,1.75,2.0,386
2020,Hóa,2.0,2.25,654
2020,Hóa,2.25,2.5,998
2020,Hóa,2.5,2.75,1492
2020,Hóa,2.75,3.0,2189
2020,Hóa,3.0,3.25,2894
2020,Hóa,3.25,3.5,3772
2020,Hóa,3.5,3.75,4782
2020,Hóa,3.75,4.0,5760
2020,Hóa,4.0,4.25,6715
2020,Hóa,4.25,4.5,7589
2020,Hóa,4.5,4.75,8453
2020,Hóa,4.75,5.0,9277
2020,Hóa,5.0,5.25,9794
2020,Hóa,5.25,5.5,10467
2020,Hóa,5.5,5.75,11243
2020,Hóa,5.75,6.0,11616
2020,Hóa,6.0,6.25,12469
2020,Hóa,6.25,6.5,13431
2020,Hóa,6.5,6.75,14702
2020,Hóa,6.75,7.0,16177
2020,Hóa,7.0,7.25,17972
2020,Hóa,7.25,7.5,20278
2020,Hóa,7.5,7.75,21465
2020,Hóa,7.75,8.0,21196
2020,Hóa,8.0,8.25,18700
2020,Hóa,8.25,8.5,15021
2020,Hóa,8.5,8.75,10853
2020,Hóa,8.75,9.0,7024
2020,Hóa,9.0,9.25,4144
2020,Hóa,9.25,9.5,2159
2020,Hóa,9.5,9.75,1080
2020,Hóa,9.75,10.0,403
2021,Hóa,-0.001,0.25,11
2021,Hóa,0.25,0.5,1
2021,Hóa,0.5,0.75,20
2021,Hóa,0.75,1.0,26
2021,Hóa,1.0,1.25,90
2021,Hóa,1.25,1.5,152
2021,Hóa,1.5,1.75,332
2021,Hóa,1.75,2.0,612
2021,Hóa,2.0,2.25,983
2021,Hóa,2.25,2.5,1525
2021,Hóa,2.5,2.75,2235
2021,Hóa,2.75,3.0,2961
2021,Hóa,3.0,3.25,3877
2021,Hóa,3.25,3.5,4734
2021,Hóa,3.5,3.75,5890
2021,Hóa,3.75,4.0,6751
2021,Hóa,4.0,4.25,7972
2021,Hóa,4.25,4.5,8817
2021,Hóa,4.5,4.75,9819
2021,Hóa,4.75,5.0,10595
2021,Hóa,5.0,5.25,11391
2021,Hóa,5.25,5.5,12175
2021,Hóa,5.5,5.75,13233
2021,Hóa,5.75,6.0,13805
2021,Hóa,6.0,6.25,14842
2021,Hóa,6.25,6.5,16025
2021,Hóa,6.5,6.75,17593
2021,Hóa,6.75,7.0,19840
2021,Hóa,7.0,7.25,22471
2021,Hóa,7.25,7.5,25746
2021,Hóa,7.5,7.75,27160
2021,Hóa,7.75,8.0,26086
2021,Hóa,8.0,8.25,22457
2021,Hóa,8.25,8.5,16401
2021,Hóa,8.5,8.75,10627
2021,Hóa,8.75,9.0,6007
2021,Hóa,9.0,9.25,3059
2021,Hóa,9.25,9.5,1403
2021,Hóa,9.5,9.75,494
2021,Hóa,9.75,10.0,150
2022,Hóa,-0.001,0.25,11
2022,Hóa,0.25,0.5,1
2022,Hóa,0.5,0.75,8
2022,Hóa,0.75,1.0,20
2022,Hóa,1.0,1.25,51
2022,Hóa,1.25,1.5,125
2022,Hóa,1.5,1.75,202
2022,Hóa,1.75,2.0,460
2022,Hóa,2.0,2.25,763
2022,Hóa,2.25,2.5,1187
2022,Hóa,2.5,2.75,1639
2022,Hóa,2.75,3.0,2272
2022,Hóa,3.0,3.25,3106
2022,Hóa,3.25,3.5,3981
2022,Hóa,3.5,3.75,5042
2022,Hóa,3.75,4.0,6069
2022,Hóa,4.0,4.25,7235
2022,Hóa,4.25,4.5,8422
2022,Hóa,4.5,4.75,9303
2022,Hóa,4.75,5.0,10275
2022,Hóa,5.0,5.25,11052
2022,Hóa,5.25,5.5,12206
2022,Hóa,5.5,5.75,12942
2022,Hóa,5.75,6.0,13577
2022,Hóa,6.0,6.25,14532
2022,Hóa,6.25,6.5,15582
2022,Hóa,6.5,6.75,16631
2022,Hóa,6.75,7.0,17935
2022,Hóa,7.0,7.25,19035
2022,Hóa,7.25,7.5,20429
2022,Hóa,7.5,7.75,22028
2022,Hóa,7.75,8.0,22800
2022,Hóa,8.0,8.25,21818
2022,Hóa,8.25,8.5,18092
2022,Hóa,8.5,8.75,12868
2022,Hóa,8.75,9.0,8061
2022,Hóa,9.0,9.25,4440
2022,Hóa,9.25,9.5,2180
2022,Hóa,9.5,9.75,829
2022,Hóa,9.75,10.0,158
2023,Hóa,-0.001,0.25,3
2023,Hóa,0.5,0.75,1
2023,Hóa,0.75,1.0,10
2023,Hóa,1.0,1.25,25
2023,Hóa,1.25,1.5,78
2023,Hóa,1.5,1.75,149
2023,Hóa,1.75,2.0,280
2023,Hóa,2.0,2.25,439
2023,Hóa,2.25,2.5,721
2023,Hóa,2.5,2.75,1064
2023,Hóa,2.75,3.0,1663
2023,Hóa,3.0,3.25,2229
2023,Hóa,3.25,3.5,2981
2023,Hóa,3.5,3.75,3722
2023,Hóa,3.75,4.0,4750
2023,Hóa,4.0,4.25,5738
2023,Hóa,4.25,4.5,6699
2023,Hóa,4.5,4.75,7824
2023,Hóa,4.75,5.0,9071
2023,Hóa,5.0,5.25,10056
2023,Hóa,5.25,5.5,11680
2023,Hóa,5.5,5.75,13427
2023,Hóa,5.75,6.0,14936
2023,Hóa,6.0,6.25,17076
2023,Hóa,6.25,6.5,19137
2023,Hóa,6.5,6.75,21434
2023,Hóa,6.75,7.0,23451
2023,Hóa,7.0,7.25,24895
2023,Hóa,7.25,7.5,25487
2023,Hóa,7.5,7.75,24708
2023,Hóa,7.75,8.0,22206
2023,Hóa,8.0,8.25,18181
2023,Hóa,8.25,8.5,13589
2023,Hóa,8.5,8.75,9170
2023,Hóa,8.75,9.0,5622
2023,Hóa,9.0,9.25,3276
2023,Hóa,9.25,9.5,1610
2023,Hóa,9.5,9.75,593
2023,Hóa,9.75,10.0,137
2024,Hóa,-0.001,0.25,13
2024,Hóa,0.75,1.0,4
2024,Hóa,1.0,1.25,21
2024,Hóa,1.25,1.5,65
2024,Hóa,1.5,1.75,152
2024,Hóa,1.75,2.0,336
2024,Hóa,2.0,2.25,547
2024,Hóa,2.25,2.5,952
2024,Hóa,2.5,2.75,1660
2024,Hóa,2.75,3.0,2350
2024,Hóa,3.0,3.25,3363
2024,Hóa,3.25,3.5,4595
2024,Hóa,3.5,3.75,5721
2024,Hóa,3.75,4.0,6831
2024,Hóa,4.0,4.25,8252
2024,Hóa,4.25,4.5,9470
2024,Hóa,4.5,4.75,10643
2024,Hóa,4.75,5.0,11977
2024,Hóa,5.0,5.25,12851
2024,Hóa,5.25,5.5,13681
2024,Hóa,5.5,5.75,14742
2024,Hóa,5.75,6.0,15426
2024,Hóa,6.0,6.25,16022
2024,Hóa,6.25,6.5,16995
2024,Hóa,6.5,6.75,17927
2024,Hóa,6.75,7.0,18690
2024,Hóa,7.0,7.25,19438
2024,Hóa,7.25,7.5,20217
2024,Hóa,7.5,7.75,20244
2024,Hóa,7.75,8.0,19689
2024,Hóa,8.0,8.25,18325
2024,Hóa,8.25,8.5,15928
2024,Hóa,8.5,8.75,13117
2024,Hóa,8.75,9.0,10157
2024,Hóa,9.0,9.25,7244
2024,Hóa,9.25,9.5,4831
2024,Hóa,9.5,9.75,2764
2024,Hóa,9.75,10.0,1278
2019,Sinh,-0.001,0.25,55
2019,Sinh,0.25,0.5,9
2019,Sinh,0.5,0.75,17
2019,Sinh,0.75,1.0,70
2019,Sinh,1.0,1.25,191
2019,Sinh,1.25,1.5,455
2019,Sinh,1.5,1.75,946
2019,Sinh,1.75,2.0,1781
2019,Sinh,2.0,2.25,2972
2019,Sinh,2.25,2.5,4935
2019,Sinh,2.5,2.75,7311
2019,Sinh,2.75,3.0,10531
2019,Sinh,3.0,3.25,14232
2019,Sinh,3.25,3.5,18148
2019,Sinh,3.5,3.75,22545
2019,Sinh,3.75,4.0,26169
2019,Sinh,4.0,4.25,29053
2019,Sinh,4.25,4.5,30276
2019,Sinh,4.5,4.75,29622
2019,Sinh,4.75,5.0,27251
2019,Sinh,5.0,5.25,23612
2019,Sinh,5.25,5.5,19670
2019,Sinh,5.5,5.75,15461
2019,Sinh,5.75,6.0,11964
2019,Sinh,6.0,6.25,8641
2019,Sinh,6.25,6.5,6402
2019,Sinh,6.5,6.75,4703
2019,Sinh,6.75,7.0,3483
2019,Sinh,7.0,7.25,2850
2019,Sinh,7.25,7.5,2316
2019,Sinh,7.5,7.75,1893
2019,Sinh,7.75,8.0,1670
2019,Sinh,8.0,8.25,1333
2019,Sinh,8.25,8.5,1072
2019,Sinh,8.5,8.75,806
2019,Sinh,8.75,9.0,574
2019,Sinh,9.0,9.25,406
2019,Sinh,9.25,9.5,256
2019,Sinh,9.5,9.75,134
2019,Sinh,9.75,10.0,39
2020,Sinh,-0.001,0.25,25
2020,Sinh,0.25,0.5,3
2020,Sinh,0.5,0.75,3
2020,Sinh,0.75,1.0,13
2020,Sinh,1.0,1.25,40
2020,Sinh,1.25,1.5,100
2020,Sinh,1.5,1.75,218
2020,Sinh,1.75,2.0,373
2020,Sinh,2.0,2.25,706
2020,Sinh,2.25,2.5,1223
2020,Sinh,2.5,2.75,2072
2020,Sinh,2.75,3.0,3185
2020,Sinh,3.0,3.25,4635
2020,Sinh,3.25,3.5,6330
2020,Sinh,3.5,3.75,8817
2020,Sinh,3.75,4.0,11381
2020,Sinh,4.0,4.25,14020
2020,Sinh,4.25,4.5,16430
2020,Sinh,4.5,4.75,18771
2020,Sinh,4.75,5.0,20843
2020,Sinh,5.0,5.25,21936
2020,Sinh,5.25,5.5,21866
2020,Sinh,5.5,5.75,21363
2020,Sinh,5.75,6.0,20413
2020,Sinh,6.0,6.25,18463
2020,Sinh,6.25,6.5,16025
2020,Sinh,6.5,6.75,13727
2020,Sinh,6.75,7.0,10975
2020,Sinh,7.0,7.25,8784
2020,Sinh,7.25,7.5,6674
2020,Sinh,7.5,7.75,5040
2020,Sinh,7.75,8.0,4046
2020,Sinh,8.0,8.25,3174
2020,Sinh,8.25,8.5,2600
2020,Sinh,8.5,8.75,2065
2020,Sinh,8.75,9.0,1683
2020,Sinh,9.0,9.25,1197
2020,Sinh,9.25,9.5,711
2020,Sinh,9.5,9.75,332
2020,Sinh,9.75,10.0,122
2021,Sinh,-0.001,0.25,26
2021,Sinh,0.25,0.5,1
2021,Sinh,0.5,0.75,11
2021,Sinh,0.75,1.0,37
2021,Sinh,1.0,1.25,110
2021,Sinh,1.25,1.5,176
2021,Sinh,1.5,1.75,366
2021,Sinh,1.75,2.0,621
2021,Sinh,2.0,2.25,1300
2021,Sinh,2.25,2.5,1920
2021,Sinh,2.5,2.75,2997
2021,Sinh,2.75,3.0,4454
2021,Sinh,3.0,3.25,6441
2021,Sinh,3.25,3.5,8856
2021,Sinh,3.5,3.75,12262
2021,Sinh,3.75,4.0,15402
2021,Sinh,4.0,4.25,18294
2021,Sinh,4.25,4.5,21528
2021,Sinh,4.5,4.75,23573
2021,Sinh,4.75,5.0,25079
2021,Sinh,5.0,5.25,25209
2021,Sinh,5.25,5.5,24653
2021,Sinh,5.5,5.75,22773
2021,Sinh,5.75,6.0,20952
2021,Sinh,6.0,6.25,18462
2021,Sinh,6.25,6.5,16037
2021,Sinh,6.5,6.75,13608
2021,Sinh,6.75,7.0,11471
2021,Sinh,7.0,7.25,9503
2021,Sinh,7.25,7.5,7890
2021,Sinh,7.5,7.75,6537
2021,Sinh,7.75,8.0,5192
2021,Sinh,8.0,8.25,4147
2021,Sinh,8.25,8.5,3385
2021,Sinh,8.5,8.75,2716
2021,Sinh,8.75,9.0,2141
2021,Sinh,9.0,9.25,1715
2021,Sinh,9.25,9.5,1408
2021,Sinh,9.5,9.75,1078
2021,Sinh,9.75,10.0,579
2022,Sinh,-0.001,0.25,36
2022,Sinh,0.25,0.5,5
2022,Sinh,0.5,0.75,6
2022,Sinh,0.75,1.0,45
2022,Sinh,1.0,1.25,80
2022,Sinh,1.25,1.5,244
2022,Sinh,1.5,1.75,560
2022,Sinh,1.75,2.0,1191
2022,Sinh,2.0,2.25,2193
2022,Sinh,2.25,2.5,3995
2022,Sinh,2.5,2.75,6188
2022,Sinh,2.75,3.0,9198
2022,Sinh,3.0,3.25,12549
2022,Sinh,3.25,3.5,16010
2022,Sinh,3.5,3.75,19296
2022,Sinh,3.75,4.0,21628
2022,Sinh,4.0,4.25,22942
2022,Sinh,4.25,4.5,24004
2022,Sinh,4.5,4.75,23470
2022,Sinh,4.75,5.0,22360
2022,Sinh,5.0,5.25,20200
2022,Sinh,5.25,5.5,18423
2022,Sinh,5.5,5.75,16094
2022,Sinh,5.75,6.0,13956
2022,Sinh,6.0,6.25,11701
2022,Sinh,6.25,6.5,9799
2022,Sinh,6.5,6.75,8466
2022,Sinh,6.75,7.0,7063
2022,Sinh,7.0,7.25,5942
2022,Sinh,7.25,7.5,5159
2022,Sinh,7.5,7.75,4606
2022,Sinh,7.75,8.0,4062
2022,Sinh,8.0,8.25,3566
2022,Sinh,8.25,8.5,2906
2022,Sinh,8.5,8.75,2096
2022,Sinh,8.75,9.0,1243
2022,Sinh,9.0,9.25,622
2022,Sinh,9.25,9.5,235
2022,Sinh,9.5,9.75,54
2022,Sinh,9.75,10.0,5
2023,Sinh,-0.001,0.25,20
2023,Sinh,0.25,0.5,1
2023,Sinh,0.5,0.75,2
2023,Sinh,0.75,1.0,13
2023,Sinh,1.0,1.25,15
2023,Sinh,1.25,1.5,42
2023,Sinh,1.5,1.75,78
2023,Sinh,1.75,2.0,118
2023,Sinh,2.0,2.25,171
2023,Sinh,2.25,2.5,297
2023,Sinh,2.5,2.75,465
2023,Sinh,2.75,3.0,709
2023,Sinh,3.0,3.25,1077
2023,Sinh,3.25,3.5,1740
2023,Sinh,3.5,3.75,2527
2023,Sinh,3.75,4.0,3748
2023,Sinh,4.0,4.25,5306
2023,Sinh,4.25,4.5,7462
2023,Sinh,4.5,4.75,9963
2023,Sinh,4.75,5.0,13053
2023,Sinh,5.0,5.25,16145
2023,Sinh,5.25,5.5,19307
2023,Sinh,5.5,5.75,22602
2023,Sinh,5.75,6.0,25243
2023,Sinh,6.0,6.25,26677
2023,Sinh,6.25,6.5,27268
2023,Sinh,6.5,6.75,26755
2023,Sinh,6.75,7.0,24468
2023,Sinh,7.0,7.25,21946
2023,Sinh,7.25,7.5,18487
2023,Sinh,7.5,7.75,14606
2023,Sinh,7.75,8.0,11244
2023,Sinh,8.0,8.25,8048
2023,Sinh,8.25,8.5,5739
2023,Sinh,8.5,8.75,3832
2023,Sinh,8.75,9.0,2470
2023,Sinh,9.0,9.25,1526
2023,Sinh,9.25,9.5,888
2023,Sinh,9.5,9.75,432
2023,Sinh,9.75,10.0,135
2024,Sinh,-0.001,0.25,35
2024,Sinh,0.25,0.5,1
2024,Sinh,0.5,0.75,2
2024,Sinh,0.75,1.0,11
2024,Sinh,1.0,1.25,15
2024,Sinh,1.25,1.5,38
2024,Sinh,1.5,1.75,75
2024,Sinh,1.75,2.0,134
2024,Sinh,2.0,2.25,221
2024,Sinh,2.25,2.5,357
2024,Sinh,2.5,2.75,597
2024,Sinh,2.75,3.0,898
2024,Sinh,3.0,3.25,1489
2024,Sinh,3.25,3.5,2257
2024,Sinh,3.5,3.75,3498
2024,Sinh,3.75,4.0,5491
2024,Sinh,4.0,4.25,7544
2024,Sinh,4.25,4.5,10205
2024,Sinh,4.5,4.75,13000
2024,Sinh,4.75,5.0,16114
2024,Sinh,5.0,5.25,18721
2024,Sinh,5.25,5.5,21363
2024,Sinh,5.5,5.75,23825
2024,Sinh,5.75,6.0,25170
2024,Sinh,6.0,6.25,25969
2024,Sinh,6.25,6.5,26129
2024,Sinh,6.5,6.75,25176
2024,Sinh,6.75,7.0,23773
2024,Sinh,7.0,7.25,21545
2024,Sinh,7.25,7.5,18754
2024,Sinh,7.5,7.75,15533
2024,Sinh,7.75,8.0,12398
2024,Sinh,8.0,8.25,8857
2024,Sinh,8.25,8.5,5967
2024,Sinh,8.5,8.75,3591
2024,Sinh,8.75,9.0,1930
2024,Sinh,9.0,9.25,1045
2024,Sinh,9.25,9.5,446
2024,Sinh,9.5,9.75,170
2024,Sinh,9.75,10.0,34
2019,Sử,-0.001,0.25,169
2019,Sử,0.25,0.5,17
2019,Sử,0.5,0.75,84
2019,Sử,0.75,1.0,291
2019,Sử,1.0,1.25,829
2019,Sử,1.25,1.5,2237
2019,Sử,1.5,1.75,4953
2019,Sử,1.75,2.0,9237
2019,Sử,2.0,2.25,15040
2019,Sử,2.25,2.5,21555
2019,Sử,2.5,2.75,29183
2019,Sử,2.75,3.0,35660
2019,Sử,3.0,3.25,39867
2019,Sử,3.25,3.5,42735
2019,Sử,3.5,3.75,43447
2019,Sử,3.75,4.0,43204
2019,Sử,4.0,4.25,40416
2019,Sử,4.25,4.5,36996
2019,Sử,4.5,4.75,33232
2019,Sử,4.75,5.0,29411
2019,Sử,5.0,5.25,25126
2019,Sử,5.25,5.5,21159
2019,Sử,5.5,5.75,17771
2019,Sử,5.75,6.0,14743
2019,Sử,6.0,6.25,12077
2019,Sử,6.25,6.5,9715
2019,Sử,6.5,6.75,8172
2019,Sử,6.75,7.0,6599
2019,Sử,7.0,7.25,5424
2019,Sử,7.25,7.5,4488
2019,Sử,7.5,7.75,3724
2019,Sử,7.75,8.0,3154
2019,Sử,8.0,8.25,2553
2019,Sử,8.25,8.5,2129
2019,Sử,8.5,8.75,1598
2019,Sử,8.75,9.0,1239
2019,Sử,9.0,9.25,928
2019,Sử,9.25,9.5,545
2019,Sử,9.5,9.75,246
2019,Sử,9.75,10.0,80
2020,Sử,-0.001,0.25,19
2020,Sử,0.25,0.5,6
2020,Sử,0.5,0.75,29
2020,Sử,0.75,1.0,71
2020,Sử,1.0,1.25,275
2020,Sử,1.25,1.5,619
2020,Sử,1.5,1.75,1306
2020,Sử,1.75,2.0,2523
2020,Sử,2.0,2.25,4605
2020,Sử,2.25,2.5,7572
2020,Sử,2.5,2.75,11496
2020,Sử,2.75,3.0,16186
2020,Sử,3.0,3.25,21202
2020,Sử,3.25,3.5,26217
2020,Sử,3.5,3.75,30811
2020,Sử,3.75,4.0,34519
2020,Sử,4.0,4.25,36358
2020,Sử,4.25,4.5,37572
2020,Sử,4.5,4.75,37159
2020,Sử,4.75,5.0,35544
2020,Sử,5.0,5.25,33456
2020,Sử,5.25,5.5,30981
2020,Sử,5.5,5.75,28010
2020,Sử,5.75,6.0,25273
2020,Sử,6.0,6.25,22263
2020,Sử,6.25,6.5,19736
2020,Sử,6.5,6.75,17100
2020,Sử,6.75,7.0,14782
2020,Sử,7.0,7.25,12752
2020,Sử,7.25,7.5,11026
2020,Sử,7.5,7.75,9433
2020,Sử,7.75,8.0,8408
2020,Sử,8.0,8.25,7111
2020,Sử,8.25,8.5,6250
2020,Sử,8.5,8.75,5585
2020,Sử,8.75,9.0,4773
2020,Sử,9.0,9.25,3715
2020,Sử,9.25,9.5,2339
2020,Sử,9.5,9.75,1143
2020,Sử,9.75,10.0,380
2021,Sử,-0.001,0.25,11
2021,Sử,0.25,0.5,24
2021,Sử,0.5,0.75,126
2021,Sử,0.75,1.0,383
2021,Sử,1.0,1.25,953
2021,Sử,1.25,1.5,2350
2021,Sử,1.5,1.75,4428
2021,Sử,1.75,2.0,8123
2021,Sử,2.0,2.25,12790
2021,Sử,2.25,2.5,17935
2021,Sử,2.5,2.75,23239
2021,Sử,2.75,3.0,28398
2021,Sử,3.0,3.25,31090
2021,Sử,3.25,3.5,33386
2021,Sử,3.5,3.75,34198
2021,Sử,3.75,4.0,34505
2021,Sử,4.0,4.25,34437
2021,Sử,4.25,4.5,33263
2021,Sử,4.5,4.75,32119
2021,Sử,4.75,5.0,30905
2021,Sử,5.0,5.25,29579
2021,Sử,5.25,5.5,27821
2021,Sử,5.5,5.75,26534
2021,Sử,5.75,6.0,24461
2021,Sử,6.0,6.25,23008
2021,Sử,6.25,6.5,20946
2021,Sử,6.5,6.75,19179
2021,Sử,6.75,7.0,17241
2021,Sử,7.0,7.25,15272
2021,Sử,7.25,7.5,13838
2021,Sử,7.5,7.75,12281
2021,Sử,7.75,8.0,10377
2021,Sử,8.0,8.25,9050
2021,Sử,8.25,8.5,7584
2021,Sử,8.5,8.75,6247
2021,Sử,8.75,9.0,4905
2021,Sử,9.0,9.25,3425
2021,Sử,9.25,9.5,2024
2021,Sử,9.5,9.75,934
2021,Sử,9.75,10.0,266
2022,Sử,-0.001,0.25,6
2022,Sử,0.25,0.5,2
2022,Sử,0.5,0.75,14
2022,Sử,0.75,1.0,58
2022,Sử,1.0,1.25,108
2022,Sử,1.25,1.5,259
2022,Sử,1.5,1.75,579
2022,Sử,1.75,2.0,1154
2022,Sử,2.0,2.25,1929
2022,Sử,2.25,2.5,3235
2022,Sử,2.5,2.75,4690
2022,Sử,2.75,3.0,6456
2022,Sử,3.0,3.25,8329
2022,Sử,3.25,3.5,10685
2022,Sử,3.5,3.75,12913
2022,Sử,3.75,4.0,15610
2022,Sử,4.0,4.25,17953
2022,Sử,4.25,4.5,20593
2022,Sử,4.5,4.75,22979
2022,Sử,4.75,5.0,25896
2022,Sử,5.0,5.25,28554
2022,Sử,5.25,5.5,30961
2022,Sử,5.5,5.75,33304
2022,Sử,5.75,6.0,35161
2022,Sử,6.0,6.25,36931
2022,Sử,6.25,6.5,38602
2022,Sử,6.5,6.75,38565
2022,Sử,6.75,7.0,38718
2022,Sử,7.0,7.25,37785
2022,Sử,7.25,7.5,35358
2022,Sử,7.5,7.75,32674
2022,Sử,7.75,8.0,28576
2022,Sử,8.0,8.25,24257
2022,Sử,8.25,8.5,19968
2022,Sử,8.5,8.75,15598
2022,Sử,8.75,9.0,11742
2022,Sử,9.0,9.25,8343
2022,Sử,9.25,9.5,5572
2022,Sử,9.5,9.75,3766
2022,Sử,9.75,10.0,1779
2023,Sử,-0.001,0.25,7
2023,Sử,0.25,0.5,2
2023,Sử,0.5,0.75,4
2023,Sử,0.75,1.0,25
2023,Sử,1.0,1.25,79
2023,Sử,1.25,1.5,153
2023,Sử,1.5,1.75,373
2023,Sử,1.75,2.0,769
2023,Sử,2.0,2.25,1516
2023,Sử,2.25,2.5,2630
2023,Sử,2.5,2.75,4257
2023,Sử,2.75,3.0,6693
2023,Sử,3.0,3.25,9785
2023,Sử,3.25,3.5,13436
2023,Sử,3.5,3.75,17448
2023,Sử,3.75,4.0,22203
2023,Sử,4.0,4.25,26527
2023,Sử,4.25,4.5,30462
2023,Sử,4.5,4.75,33868
2023,Sử,4.75,5.0,36301
2023,Sử,5.0,5.25,37987
2023,Sử,5.25,5.5,38921
2023,Sử,5.5,5.75,39085
2023,Sử,5.75,6.0,38903
2023,Sử,6.0,6.25,38519
2023,Sử,6.25,6.5,37167
2023,Sử,6.5,6.75,35826
2023,Sử,6.75,7.0,33971
2023,Sử,7.0,7.25,31691
2023,Sử,7.25,7.5,29288
2023,Sử,7.5,7.75,26220
2023,Sử,7.75,8.0,22820
2023,Sử,8.0,8.25,18967
2023,Sử,8.25,8.5,15018
2023,Sử,8.5,8.75,11590
2023,Sử,8.75,9.0,8267
2023,Sử,9.0,9.25,5776
2023,Sử,9.25,9.5,3827
2023,Sử,9.5,9.75,2277
2023,Sử,9.75,10.0,789
2024,Sử,-0.001,0.25,6
2024,Sử,0.25,0.5,2
2024,Sử,0.5,0.75,4
2024,Sử,0.75,1.0,8
2024,Sử,1.0,1.25,32
2024,Sử,1.25,1.5,55
2024,Sử,1.5,1.75,139
2024,Sử,1.75,2.0,312
2024,Sử,2.0,2.25,550
2024,Sử,2.25,2.5,936
2024,Sử,2.5,2.75,1687
2024,Sử,2.75,3.0,2624
2024,Sử,3.0,3.25,4134
2024,Sử,3.25,3.5,5890
2024,Sử,3.5,3.75,8333
2024,Sử,3.75,4.0,11241
2024,Sử,4.0,4.25,14801
2024,Sử,4.25,4.5,18562
2024,Sử,4.5,4.75,22790
2024,Sử,4.75,5.0,27004
2024,Sử,5.0,5.25,31628
2024,Sử,5.25,5.5,35434
2024,Sử,5.5,5.75,38932
2024,Sử,5.75,6.0,42223
2024,Sử,6.0,6.25,44411
2024,Sử,6.25,6.5,46091
2024,Sử,6.5,6.75,46238
2024,Sử,6.75,7.0,45469
2024,Sử,7.0,7.25,43066
2024,Sử,7.25,7.5,39378
2024,Sử,7.5,7.75,35701
2024,Sử,7.75,8.0,31363
2024,Sử,8.0,8.25,26577
2024,Sử,8.25,8.5,21979
2024,Sử,8.5,8.75,17729
2024,Sử,8.75,9.0,14175
2024,Sử,9.0,9.25,11038
2024,Sử,9.25,9.5,8153
2024,Sử,9.5,9.75,5411
2024,Sử,9.75,10.0,2108
2019,Địa,-0.001,0.25,231
2019,Địa,0.25,0.5,4
2019,Địa,0.5,0.75,11
2019,Địa,0.75,1.0,31
2019,Địa,1.0,1.25,57
2019,Địa,1.25,1.5,151
2019,Địa,1.5,1.75,297
2019,Địa,1.75,2.0,530
2019,Địa,2.0,2.25,859
2019,Địa,2.25,2.5,1313
2019,Địa,2.5,2.75,2054
2019,Địa,2.75,3.0,2918
2019,Địa,3.0,3.25,4207
2019,Địa,3.25,3.5,5824
2019,Địa,3.5,3.75,8104
2019,Địa,3.75,4.0,11006
2019,Địa,4.0,4.25,14816
2019,Địa,4.25,4.5,19687
2019,Địa,4.5,4.75,24838
2019,Địa,4.75,5.0,30704
2019,Địa,5.0,5.25,36660
2019,Địa,5.25,5.5,41634
2019,Địa,5.5,5.75,45367
2019,Địa,5.75,6.0,46864
2019,Địa,6.0,6.25,46570
2019,Địa,6.25,6.5,44720
2019,Địa,6.5,6.75,40170
2019,Địa,6.75,7.0,34826
2019,Địa,7.0,7.25,28460
2019,Địa,7.25,7.5,22072
2019,Địa,7.5,7.75,16549
2019,Địa,7.75,8.0,11601
2019,Địa,8.0,8.25,7744
2019,Địa,8.25,8.5,5046
2019,Địa,8.5,8.75,3106
2019,Địa,8.75,9.0,1835
2019,Địa,9.0,9.25,1051
2019,Địa,9.25,9.5,554
2019,Địa,9.5,9.75,236
2019,Địa,9.75,10.0,42
2020,Địa,-0.001,0.25,129
2020,Địa,0.25,0.5,2
2020,Địa,0.5,0.75,8
2020,Địa,0.75,1.0,9
2020,Địa,1.0,1.25,27
2020,Địa,1.25,1.5,53
2020,Địa,1.5,1.75,115
2020,Địa,1.75,2.0,203
2020,Địa,2.0,2.25,313
2020,Địa,2.25,2.5,517
2020,Địa,2.5,2.75,806
2020,Địa,2.75,3.0,1127
2020,Địa,3.0,3.25,1522
2020,Địa,3.25,3.5,2031
2020,Địa,3.5,3.75,2826
2020,Địa,3.75,4.0,3679
2020,Địa,4.0,4.25,5121
2020,Địa,4.25,4.5,7116
2020,Địa,4.5,4.75,9597
2020,Địa,4.75,5.0,12826
2020,Địa,5.0,5.25,16634
2020,Địa,5.25,5.5,21389
2020,Địa,5.5,5.75,26842
2020,Địa,5.75,6.0,32387
2020,Địa,6.0,6.25,38393
2020,Địa,6.25,6.5,43778
2020,Địa,6.5,6.75,47809
2020,Địa,6.75,7.0,50228
2020,Địa,7.0,7.25,50638
2020,Địa,7.25,7.5,47137
2020,Địa,7.5,7.75,40979
2020,Địa,7.75,8.0,32469
2020,Địa,8.0,8.25,23505
2020,Địa,8.25,8.5,15410
2020,Địa,8.5,8.75,9106
2020,Địa,8.75,9.0,5112
2020,Địa,9.0,9.25,2721
2020,Địa,9.25,9.5,1516
2020,Địa,9.5,9.75,765
2020,Địa,9.75,10.0,251
2021,Địa,-0.001,0.25,95
2021,Địa,0.25,0.5,3
2021,Địa,0.5,0.75,9
2021,Địa,0.75,1.0,11
2021,Địa,1.0,1.25,26
2021,Địa,1.25,1.5,42
2021,Địa,1.5,1.75,73
2021,Địa,1.75,2.0,141
2021,Địa,2.0,2.25,251
2021,Địa,2.25,2.5,389
2021,Địa,2.5,2.75,583
2021,Địa,2.75,3.0,801
2021,Địa,3.0,3.25,1129
2021,Địa,3.25,3.5,1619
2021,Địa,3.5,3.75,2141
2021,Địa,3.75,4.0,2990
2021,Địa,4.0,4.25,4208
2021,Địa,4.25,4.5,6142
2021,Địa,4.5,4.75,8607
2021,Địa,4.75,5.0,11823
2021,Địa,5.0,5.25,16327
2021,Địa,5.25,5.5,21542
2021,Địa,5.5,5.75,28008
2021,Địa,5.75,6.0,34986
2021,Địa,6.0,6.25,41601
2021,Địa,6.25,6.5,47221
2021,Địa,6.5,6.75,52762
2021,Địa,6.75,7.0,55183
2021,Địa,7.0,7.25,55040
2021,Địa,7.25,7.5,52234
2021,Địa,7.5,7.75,46467
2021,Địa,7.75,8.0,39873
2021,Địa,8.0,8.25,32465
2021,Địa,8.25,8.5,24527
2021,Địa,8.5,8.75,17814
2021,Địa,8.75,9.0,11893
2021,Địa,9.0,9.25,7158
2021,Địa,9.25,9.5,3868
2021,Địa,9.5,9.75,1479
2021,Địa,9.75,10.0,226
2022,Địa,-0.001,0.25,24
2022,Địa,0.25,0.5,3
2022,Địa,0.5,0.75,7
2022,Địa,0.75,1.0,4
2022,Địa,1.0,1.25,10
2022,Địa,1.25,1.5,36
2022,Địa,1.5,1.75,75
2022,Địa,1.75,2.0,135
2022,Địa,2.0,2.25,210
2022,Địa,2.25,2.5,405
2022,Địa,2.5,2.75,610
2022,Địa,2.75,3.0,867
2022,Địa,3.0,3.25,1413
2022,Địa,3.25,3.5,2194
2022,Địa,3.5,3.75,3350
2022,Địa,3.75,4.0,5062
2022,Địa,4.0,4.25,7546
2022,Địa,4.25,4.5,10907
2022,Địa,4.5,4.75,15127
2022,Địa,4.75,5.0,20364
2022,Địa,5.0,5.25,26111
2022,Địa,5.25,5.5,32256
2022,Địa,5.5,5.75,38481
2022,Địa,5.75,6.0,44464
2022,Địa,6.0,6.25,48253
2022,Địa,6.25,6.5,50888
2022,Địa,6.5,6.75,52272
2022,Địa,6.75,7.0,52448
2022,Địa,7.0,7.25,49164
2022,Địa,7.25,7.5,45213
2022,Địa,7.5,7.75,39556
2022,Địa,7.75,8.0,33014
2022,Địa,8.0,8.25,26025
2022,Địa,8.25,8.5,19697
2022,Địa,8.5,8.75,13878
2022,Địa,8.75,9.0,8784
2022,Địa,9.0,9.25,5223
2022,Địa,9.25,9.5,2394
2022,Địa,9.5,9.75,788
2022,Địa,9.75,10.0,163
2023,Địa,-0.001,0.25,80
2023,Địa,0.25,0.5,2
2023,Địa,0.5,0.75,10
2023,Địa,0.75,1.0,20
2023,Địa,1.0,1.25,35
2023,Địa,1.25,1.5,68
2023,Địa,1.5,1.75,151
2023,Địa,1.75,2.0,285
2023,Địa,2.0,2.25,514
2023,Địa,2.25,2.5,873
2023,Địa,2.5,2.75,1350
2023,Địa,2.75,3.0,2120
2023,Địa,3.0,3.25,3214
2023,Địa,3.25,3.5,4693
2023,Địa,3.5,3.75,7094
2023,Địa,3.75,4.0,10230
2023,Địa,4.0,4.25,14417
2023,Địa,4.25,4.5,19760
2023,Địa,4.5,4.75,26157
2023,Địa,4.75,5.0,33417
2023,Địa,5.0,5.25,41583
2023,Địa,5.25,5.5,49235
2023,Địa,5.5,5.75,55449
2023,Địa,5.75,6.0,59360
2023,Địa,6.0,6.25,60795
2023,Địa,6.25,6.5,58418
2023,Địa,6.5,6.75,53029
2023,Địa,6.75,7.0,45992
2023,Địa,7.0,7.25,37319
2023,Địa,7.25,7.5,29288
2023,Địa,7.5,7.75,21874
2023,Địa,7.75,8.0,15806
2023,Địa,8.0,8.25,11035
2023,Địa,8.25,8.5,7564
2023,Địa,8.5,8.75,4964
2023,Địa,8.75,9.0,3108
2023,Địa,9.0,9.25,1706
2023,Địa,9.25,9.5,825
2023,Địa,9.5,9.75,259
2023,Địa,9.75,10.0,35
2024,Địa,-0.001,0.25,61
2024,Địa,0.25,0.5,1
2024,Địa,0.5,0.75,2
2024,Địa,0.75,1.0,13
2024,Địa,1.0,1.25,24
2024,Địa,1.25,1.5,52
2024,Địa,1.5,1.75,75
2024,Địa,1.75,2.0,141
2024,Địa,2.0,2.25,249
2024,Địa,2.25,2.5,374
2024,Địa,2.5,2.75,587
2024,Địa,2.75,3.0,878
2024,Địa,3.0,3.25,1211
2024,Địa,3.25,3.5,1764
2024,Địa,3.5,3.75,2422
2024,Địa,3.75,4.0,3304
2024,Địa,4.0,4.25,4558
2024,Địa,4.25,4.5,6373
2024,Địa,4.5,4.75,8658
2024,Địa,4.75,5.0,11616
2024,Địa,5.0,5.25,15404
2024,Địa,5.25,5.5,20212
2024,Địa,5.5,5.75,26101
2024,Địa,5.75,6.0,32569
2024,Địa,6.0,6.25,38599
2024,Địa,6.25,6.5,44920
2024,Địa,6.5,6.75,50251
2024,Địa,6.75,7.0,53350
2024,Địa,7.0,7.25,55594
2024,Địa,7.25,7.5,54671
2024,Địa,7.5,7.75,52133
2024,Địa,7.75,8.0,47364
2024,Địa,8.0,8.25,41702
2024,Địa,8.25,8.5,35562
2024,Địa,8.5,8.75,29067
2024,Địa,8.75,9.0,23265
2024,Địa,9.0,9.25,18112
2024,Địa,9.25,9.5,12621
2024,Địa,9.5,9.75,7647
2024,Địa,9.75,10.0,3175
2019,GDCD,-0.001,0.25,102
2019,GDCD,0.25,0.5,3
2019,GDCD,0.5,0.75,3
2019,GDCD,0.75,1.0,4
2019,GDCD,1.0,1.25,14
2019,GDCD,1.25,1.5,19
2019,GDCD,1.5,1.75,61
2019,GDCD,1.75,2.0,101
2019,GDCD,2.0,2.25,160
2019,GDCD,2.25,2.5,254
2019,GDCD,2.5,2.75,368
2019,GDCD,2.75,3.0,566
2019,GDCD,3.0,3.25,794
2019,GDCD,3.25,3.5,1188
2019,GDCD,3.5,3.75,1689
2019,GDCD,3.75,4.0,2148
2019,GDCD,4.0,4.25,2968
2019,GDCD,4.25,4.5,4110
2019,GDCD,4.5,4.75,5116
2019,GDCD,4.75,5.0,6649
2019,GDCD,5.0,5.25,8842
2019,GDCD,5.25,5.5,11485
2019,GDCD,5.5,5.75,14047
2019,GDCD,5.75,6.0,17662
2019,GDCD,6.0,6.25,21338
2019,GDCD,6.25,6.5,25551
2019,GDCD,6.5,6.75,29373
2019,GDCD,6.75,7.0,33713
2019,GDCD,7.0,7.25,36658
2019,GDCD,7.25,7.5,39219
2019,GDCD,7.5,7.75,40136
2019,GDCD,7.75,8.0,39464
2019,GDCD,8.0,8.25,37638
2019,GDCD,8.25,8.5,34111
2019,GDCD,8.5,8.75,28791
2019,GDCD,8.75,9.0,22666
2019,GDCD,9.0,9.25,14895
2019,GDCD,9.25,9.5,8205
2019,GDCD,9.5,9.75,3258
2019,GDCD,9.75,10.0,784
2020,GDCD,-0.001,0.25,42
2020,GDCD,0.5,0.75,2
2020,GDCD,0.75,1.0,4
2020,GDCD,1.0,1.25,9
2020,GDCD,1.25,1.5,13
2020,GDCD,1.5,1.75,21
2020,GDCD,1.75,2.0,39
2020,GDCD,2.0,2.25,57
2020,GDCD,2.25,2.5,93
2020,GDCD,2.5,2.75,106
2020,GDCD,2.75,3.0,148
2020,GDCD,3.0,3.25,200
2020,GDCD,3.25,3.5,313
2020,GDCD,3.5,3.75,409
2020,GDCD,3.75,4.0,606
2020,GDCD,4.0,4.25,813
2020,GDCD,4.25,4.5,1109
2020,GDCD,4.5,4.75,1605
2020,GDCD,4.75,5.0,2130
2020,GDCD,5.0,5.25,2827
2020,GDCD,5.25,5.5,3769
2020,GDCD,5.5,5.75,4893
2020,GDCD,5.75,6.0,6498
2020,GDCD,6.0,6.25,8492
2020,GDCD,6.25,6.5,11115
2020,GDCD,6.5,6.75,14261
2020,GDCD,6.75,7.0,18397
2020,GDCD,7.0,7.25,23553
2020,GDCD,7.25,7.5,29399
2020,GDCD,7.5,7.75,35504
2020,GDCD,7.75,8.0,41403
2020,GDCD,8.0,8.25,47019
2020,GDCD,8.25,8.5,50259
2020,GDCD,8.5,8.75,50550
2020,GDCD,8.75,9.0,46239
2020,GDCD,9.0,9.25,37710
2020,GDCD,9.25,9.5,25754
2020,GDCD,9.5,9.75,13444
2020,GDCD,9.75,10.0,4195
2021,GDCD,-0.001,0.25,24
2021,GDCD,0.25,0.5,1
2021,GDCD,0.5,0.75,2
2021,GDCD,0.75,1.0,2
2021,GDCD,1.0,1.25,4
2021,GDCD,1.25,1.5,12
2021,GDCD,1.5,1.75,10
2021,GDCD,1.75,2.0,19
2021,GDCD,2.0,2.25,45
2021,GDCD,2.25,2.5,56
2021,GDCD,2.5,2.75,92
2021,GDCD,2.75,3.0,113
2021,GDCD,3.0,3.25,171
2021,GDCD,3.25,3.5,306
2021,GDCD,3.5,3.75,377
2021,GDCD,3.75,4.0,579
2021,GDCD,4.0,4.25,816
2021,GDCD,4.25,4.5,1110
2021,GDCD,4.5,4.75,1581
2021,GDCD,4.75,5.0,2079
2021,GDCD,5.0,5.25,2724
2021,GDCD,5.25,5.5,3778
2021,GDCD,5.5,5.75,4987
2021,GDCD,5.75,6.0,6504
2021,GDCD,6.0,6.25,8544
2021,GDCD,6.25,6.5,11106
2021,GDCD,6.5,6.75,13752
2021,GDCD,6.75,7.0,17303
2021,GDCD,7.0,7.25,21053
2021,GDCD,7.25,7.5,25467
2021,GDCD,7.5,7.75,29985
2021,GDCD,7.75,8.0,35047
2021,GDCD,8.0,8.25,39842
2021,GDCD,8.25,8.5,44240
2021,GDCD,8.5,8.75,49110
2021,GDCD,8.75,9.0,51614
2021,GDCD,9.0,9.25,52938
2021,GDCD,9.25,9.5,50393
2021,GDCD,9.5,9.75,40200
2021,GDCD,9.75,10.0,18687
2022,GDCD,-0.001,0.25,25
2022,GDCD,0.75,1.0,3
2022,GDCD,1.0,1.25,4
2022,GDCD,1.25,1.5,8
2022,GDCD,1.5,1.75,23
2022,GDCD,1.75,2.0,31
2022,GDCD,2.0,2.25,36
2022,GDCD,2.25,2.5,61
2022,GDCD,2.5,2.75,90
2022,GDCD,2.75,3.0,153
2022,GDCD,3.0,3.25,227
2022,GDCD,3.25,3.5,270
2022,GDCD,3.5,3.75,395
2022,GDCD,3.75,4.0,613
2022,GDCD,4.0,4.25,830
2022,GDCD,4.25,4.5,1216
2022,GDCD,4.5,4.75,1736
2022,GDCD,4.75,5.0,2417
2022,GDCD,5.0,5.25,3237
2022,GDCD,5.25,5.5,4531
2022,GDCD,5.5,5.75,6331
2022,GDCD,5.75,6.0,8240
2022,GDCD,6.0,6.25,11174
2022,GDCD,6.25,6.5,14814
2022,GDCD,6.5,6.75,19062
2022,GDCD,6.75,7.0,24029
2022,GDCD,7.0,7.25,30504
2022,GDCD,7.25,7.5,37262
2022,GDCD,7.5,7.75,44159
2022,GDCD,7.75,8.0,50854
2022,GDCD,8.0,8.25,55320
2022,GDCD,8.25,8.5,57508
2022,GDCD,8.5,8.75,55193
2022,GDCD,8.75,9.0,48229
2022,GDCD,9.0,9.25,37779
2022,GDCD,9.25,9.5,23731
2022,GDCD,9.5,9.75,11412
2022,GDCD,9.75,10.0,2836
2023,GDCD,-0.001,0.25,23
2023,GDCD,0.5,0.75,1
2023,GDCD,0.75,1.0,2
2023,GDCD,1.0,1.25,6
2023,GDCD,1.25,1.5,8
2023,GDCD,1.5,1.75,17
2023,GDCD,1.75,2.0,31
2023,GDCD,2.0,2.25,35
2023,GDCD,2.25,2.5,59
2023,GDCD,2.5,2.75,99
2023,GDCD,2.75,3.0,125
2023,GDCD,3.0,3.25,196
2023,GDCD,3.25,3.5,293
2023,GDCD,3.5,3.75,431
2023,GDCD,3.75,4.0,622
2023,GDCD,4.0,4.25,766
2023,GDCD,4.25,4.5,1196
2023,GDCD,4.5,4.75,1582
2023,GDCD,4.75,5.0,2227
2023,GDCD,5.0,5.25,3035
2023,GDCD,5.25,5.5,4065
2023,GDCD,5.5,5.75,5391
2023,GDCD,5.75,6.0,7264
2023,GDCD,6.0,6.25,9510
2023,GDCD,6.25,6.5,12527
2023,GDCD,6.5,6.75,15781
2023,GDCD,6.75,7.0,20068
2023,GDCD,7.0,7.25,24845
2023,GDCD,7.25,7.5,29864
2023,GDCD,7.5,7.75,35477
2023,GDCD,7.75,8.0,40580
2023,GDCD,8.0,8.25,45798
2023,GDCD,8.25,8.5,49976
2023,GDCD,8.5,8.75,53083
2023,GDCD,8.75,9.0,54610
2023,GDCD,9.0,9.25,52498
2023,GDCD,9.25,9.5,45557
2023,GDCD,9.5,9.75,33111
2023,GDCD,9.75,10.0,14693
2024,GDCD,-0.001,0.25,23
2024,GDCD,0.75,1.0,1
2024,GDCD,1.0,1.25,5
2024,GDCD,1.25,1.5,8
2024,GDCD,1.5,1.75,23
2024,GDCD,1.75,2.0,26
2024,GDCD,2.0,2.25,48
2024,GDCD,2.25,2.5,54
2024,GDCD,2.5,2.75,70
2024,GDCD,2.75,3.0,108
2024,GDCD,3.0,3.25,158
2024,GDCD,3.25,3.5,226
2024,GDCD,3.5,3.75,311
2024,GDCD,3.75,4.0,474
2024,GDCD,4.0,4.25,682
2024,GDCD,4.25,4.5,979
2024,GDCD,4.5,4.75,1323
2024,GDCD,4.75,5.0,1885
2024,GDCD,5.0,5.25,2627
2024,GDCD,5.25,5.5,3712
2024,GDCD,5.5,5.75,5204
2024,GDCD,5.75,6.0,7143
2024,GDCD,6.0,6.25,10047
2024,GDCD,6.25,6.5,13536
2024,GDCD,6.5,6.75,17935
2024,GDCD,6.75,7.0,23295
2024,GDCD,7.0,7.25,29574
2024,GDCD,7.25,7.5,36595
2024,GDCD,7.5,7.75,43315
2024,GDCD,7.75,8.0,50689
2024,GDCD,8.0,8.25,55888
2024,GDCD,8.25,8.5,59083
2024,GDCD,8.5,8.75,60143
2024,GDCD,8.75,9.0,56721
2024,GDCD,9.0,9.25,48214
2024,GDCD,9.25,9.5,33591
2024,GDCD,9.5,9.75,16232
2024,GDCD,9.75,10.0,3661
